time,temperature_2m,relative_humidity_2m,precipitation,rain,weather_code,surface_pressure,wind_speed_10m
2023-01-01T00:00,6.8,86,0.0,0.0,3,993.5,18.4
2023-01-01T01:00,6.4,86,0.1,0.1,51,994.0,15.5
2023-01-01T02:00,5.5,85,0.0,0.0,3,994.6,11.1
2023-01-01T03:00,5.1,88,0.0,0.0,3,995.4,10.6
2023-01-01T04:00,5.8,87,0.0,0.0,3,995.9,11.4
2023-01-01T05:00,5.3,89,0.0,0.0,3,996.1,7.1
2023-01-01T06:00,4.7,89,0.0,0.0,3,996.4,7.0
2023-01-01T07:00,3.9,92,0.1,0.1,51,996.7,7.2
2023-01-01T08:00,3.3,94,0.5,0.5,53,996.9,8.6
2023-01-01T09:00,4.6,91,0.4,0.4,51,997.7,5.8
2023-01-01T10:00,5.5,88,0.0,0.0,3,998.3,12.4
2023-01-01T11:00,6.8,86,0.0,0.0,3,999.2,15.6
2023-01-01T12:00,6.8,90,0.0,0.0,3,999.4,14.3
2023-01-01T13:00,7.0,90,0.0,0.0,3,1000.0,12.4
2023-01-01T14:00,6.8,90,0.0,0.0,3,1000.7,10.1
2023-01-01T15:00,6.6,90,0.0,0.0,3,1001.0,9.0
2023-01-01T16:00,5.7,93,0.0,0.0,1,1001.2,7.9
2023-01-01T17:00,4.4,94,0.0,0.0,1,1001.7,8.0
2023-01-01T18:00,3.9,94,0.0,0.0,0,1002.3,8.0
2023-01-01T19:00,3.9,95,0.0,0.0,1,1003.2,9.7
2023-01-01T20:00,3.5,94,0.0,0.0,0,1004.0,12.1
2023-01-01T21:00,3.0,95,0.0,0.0,0,1004.9,12.8
2023-01-01T22:00,2.6,94,0.0,0.0,0,1005.6,13.4
2023-01-01T23:00,2.3,94,0.0,0.0,0,1006.3,13.8
2023-01-02T00:00,2.7,95,0.0,0.0,3,1007.1,15.6
2023-01-02T01:00,2.6,97,0.0,0.0,3,1007.6,16.7
2023-01-02T02:00,2.6,98,0.0,0.0,3,1008.4,15.9
2023-01-02T03:00,2.5,98,0.0,0.0,3,1009.6,16.2
2023-01-02T04:00,2.4,98,0.0,0.0,3,1010.1,15.5
2023-01-02T05:00,2.3,98,0.0,0.0,3,1010.7,16.6
2023-01-02T06:00,2.3,96,0.0,0.0,3,1011.4,16.6
2023-01-02T07:00,2.2,96,0.0,0.0,3,1012.2,15.2
2023-01-02T08:00,2.1,95,0.0,0.0,3,1012.9,14.5
2023-01-02T09:00,2.0,95,0.0,0.0,3,1013.8,13.2
2023-01-02T10:00,2.5,94,0.0,0.0,3,1014.8,13.8
2023-01-02T11:00,3.5,87,0.0,0.0,1,1015.4,13.6
2023-01-02T12:00,5.0,84,0.0,0.0,1,1015.6,9.3
2023-01-02T13:00,6.1,81,0.0,0.0,1,1015.7,5.9
2023-01-02T14:00,6.6,75,0.0,0.0,0,1015.6,5.6
2023-01-02T15:00,6.1,76,0.0,0.0,0,1015.6,5.5
2023-01-02T16:00,3.7,81,0.0,0.0,0,1015.6,7.3
2023-01-02T17:00,3.7,82,0.0,0.0,0,1015.6,8.4
2023-01-02T18:00,3.2,82,0.0,0.0,0,1015.6,9.8
2023-01-02T19:00,3.0,81,0.0,0.0,0,1015.2,9.1
2023-01-02T20:00,3.4,82,0.0,0.0,0,1015.2,9.5
2023-01-02T21:00,4.8,73,0.0,0.0,1,1014.4,20.0
2023-01-02T22:00,5.9,68,0.0,0.0,1,1013.8,25.2
2023-01-02T23:00,6.7,68,0.0,0.0,3,1012.7,26.7
2023-01-03T00:00,7.3,73,0.0,0.0,3,1012.0,27.4
2023-01-03T01:00,8.4,75,0.0,0.0,3,1010.4,30.0
2023-01-03T02:00,8.3,81,0.1,0.1,51,1009.4,32.1
2023-01-03T03:00,8.8,80,0.3,0.3,51,1007.7,34.6
2023-01-03T04:00,9.1,88,2.1,2.1,61,1004.9,38.0
2023-01-03T05:00,9.5,86,1.2,1.2,55,1005.0,35.0
2023-01-03T06:00,9.9,83,0.7,0.7,53,1005.8,23.2
2023-01-03T07:00,9.1,88,0.9,0.9,53,1006.0,15.9
2023-01-03T08:00,9.2,86,0.1,0.1,51,1005.9,14.4
2023-01-03T09:00,8.6,90,0.4,0.4,51,1005.8,14.6
2023-01-03T10:00,9.0,92,0.5,0.5,53,1005.2,15.7
2023-01-03T11:00,9.4,92,2.1,2.1,61,1003.7,20.0
2023-01-03T12:00,10.8,88,1.0,1.0,55,1002.0,25.3
2023-01-03T13:00,11.7,86,0.6,0.6,53,1000.9,23.6
2023-01-03T14:00,12.4,84,0.0,0.0,3,999.9,21.5
2023-01-03T15:00,12.6,86,0.0,0.0,3,999.6,17.8
2023-01-03T16:00,12.4,88,0.0,0.0,3,999.9,18.5
2023-01-03T17:00,12.9,87,0.0,0.0,3,1000.0,22.1
2023-01-03T18:00,12.8,88,1.2,1.2,55,1000.3,21.1
2023-01-03T19:00,12.4,89,1.0,1.0,55,999.8,12.9
2023-01-03T20:00,13.1,85,0.1,0.1,51,999.4,25.0
2023-01-03T21:00,13.5,85,0.0,0.0,3,999.2,34.4
2023-01-03T22:00,13.5,85,0.0,0.0,3,999.8,37.2
2023-01-03T23:00,13.2,87,0.1,0.1,51,1000.4,35.9
2023-01-04T00:00,13.1,82,0.0,0.0,2,1000.8,35.8
2023-01-04T01:00,12.3,79,0.0,0.0,1,1001.2,35.6
2023-01-04T02:00,11.6,80,0.0,0.0,1,1001.6,32.9
2023-01-04T03:00,11.2,81,0.0,0.0,0,1002.0,32.2
2023-01-04T04:00,11.0,81,0.0,0.0,1,1002.2,33.2
2023-01-04T05:00,10.8,81,0.0,0.0,3,1002.6,33.4
2023-01-04T06:00,10.9,81,0.0,0.0,3,1003.2,34.3
2023-01-04T07:00,10.9,80,0.0,0.0,3,1003.9,34.5
2023-01-04T08:00,11.0,79,0.0,0.0,3,1004.4,34.5
2023-01-04T09:00,10.9,79,0.0,0.0,3,1005.0,33.5
2023-01-04T10:00,11.1,78,0.0,0.0,3,1006.1,33.5
2023-01-04T11:00,11.3,79,0.0,0.0,3,1006.8,32.8
2023-01-04T12:00,11.4,78,0.0,0.0,3,1007.2,31.9
2023-01-04T13:00,11.7,76,0.0,0.0,2,1007.4,31.5
2023-01-04T14:00,11.5,76,0.0,0.0,2,1007.9,33.0
2023-01-04T15:00,11.3,77,0.0,0.0,1,1008.8,31.9
2023-01-04T16:00,10.8,78,0.0,0.0,2,1009.2,29.3
2023-01-04T17:00,10.4,80,0.0,0.0,3,1010.0,29.1
2023-01-04T18:00,10.8,81,0.0,0.0,3,1010.8,30.0
2023-01-04T19:00,10.7,82,0.0,0.0,3,1011.0,30.0
2023-01-04T20:00,10.5,81,0.0,0.0,1,1011.6,29.7
2023-01-04T21:00,9.9,83,0.0,0.0,3,1012.8,26.9
2023-01-04T22:00,10.0,83,0.0,0.0,3,1013.8,21.6
2023-01-04T23:00,10.0,84,0.0,0.0,3,1014.5,18.4
2023-01-05T00:00,9.6,86,0.0,0.0,3,1014.7,15.6
2023-01-05T01:00,9.1,89,0.0,0.0,3,1014.8,14.1
2023-01-05T02:00,9.7,89,0.0,0.0,3,1014.6,11.7
2023-01-05T03:00,10.2,86,0.0,0.0,3,1014.3,10.5
2023-01-05T04:00,10.3,85,0.0,0.0,3,1013.7,7.9
2023-01-05T05:00,10.0,86,0.0,0.0,3,1012.9,8.2
2023-01-05T06:00,9.7,88,0.6,0.6,53,1012.0,8.0
2023-01-05T07:00,10.5,87,0.1,0.1,51,1011.5,11.4
2023-01-05T08:00,11.3,86,0.0,0.0,3,1011.3,18.6
2023-01-05T09:00,11.3,87,0.0,0.0,3,1010.9,17.8
2023-01-05T10:00,11.4,84,0.0,0.0,3,1010.2,17.9
2023-01-05T11:00,11.7,83,0.0,0.0,3,1009.3,20.7
2023-01-05T12:00,12.5,79,0.0,0.0,3,1008.0,24.9
2023-01-05T13:00,12.7,80,0.0,0.0,3,1006.8,25.0
2023-01-05T14:00,12.6,82,0.0,0.0,3,1005.5,23.9
2023-01-05T15:00,12.7,80,0.1,0.1,51,1004.3,28.4
2023-01-05T16:00,12.3,83,0.5,0.5,53,1004.1,23.8
2023-01-05T17:00,10.9,87,1.5,1.5,61,1004.6,27.8
2023-01-05T18:00,9.5,84,0.8,0.8,53,1004.7,28.8
2023-01-05T19:00,9.1,82,0.6,0.6,53,1004.4,28.9
2023-01-05T20:00,8.8,82,0.1,0.1,51,1004.7,28.4
2023-01-05T21:00,8.4,82,0.0,0.0,3,1005.1,28.9
2023-01-05T22:00,8.0,82,0.0,0.0,1,1005.4,30.4
2023-01-05T23:00,7.6,82,0.0,0.0,1,1005.7,32.0
2023-01-06T00:00,7.8,79,0.0,0.0,1,1005.9,31.6
2023-01-06T01:00,7.6,78,0.0,0.0,0,1006.0,31.9
2023-01-06T02:00,7.4,78,0.0,0.0,0,1006.3,31.1
2023-01-06T03:00,7.2,77,0.0,0.0,0,1006.5,29.9
2023-01-06T04:00,6.9,78,0.0,0.0,0,1006.7,28.1
2023-01-06T05:00,6.7,81,0.0,0.0,0,1007.0,21.4
2023-01-06T06:00,6.6,83,0.0,0.0,1,1007.2,17.8
2023-01-06T07:00,6.5,84,0.0,0.0,3,1007.3,14.8
2023-01-06T08:00,6.7,84,0.0,0.0,3,1006.9,12.4
2023-01-06T09:00,6.9,85,0.0,0.0,3,1006.8,13.7
2023-01-06T10:00,7.8,84,0.0,0.0,3,1006.5,13.1
2023-01-06T11:00,8.4,82,0.0,0.0,3,1005.9,12.8
2023-01-06T12:00,9.5,78,0.0,0.0,3,1005.3,15.2
2023-01-06T13:00,9.9,77,0.0,0.0,3,1004.1,13.7
2023-01-06T14:00,10.1,79,0.0,0.0,3,1002.7,15.0
2023-01-06T15:00,10.0,80,0.0,0.0,3,1001.3,16.6
2023-01-06T16:00,9.7,83,0.0,0.0,3,1000.3,17.7
2023-01-06T17:00,9.6,86,0.0,0.0,3,998.9,18.5
2023-01-06T18:00,9.7,91,0.0,0.0,3,997.4,21.4
2023-01-06T19:00,10.8,86,0.0,0.0,3,996.3,17.3
2023-01-06T20:00,10.7,90,0.0,0.0,3,995.6,16.6
2023-01-06T21:00,11.4,86,0.2,0.2,51,994.6,18.1
2023-01-06T22:00,11.3,86,0.2,0.2,51,993.6,18.1
2023-01-06T23:00,11.1,87,0.6,0.6,53,992.5,19.1
2023-01-07T00:00,10.7,88,0.6,0.6,53,992.0,15.5
2023-01-07T01:00,10.4,90,0.4,0.4,51,991.6,10.1
2023-01-07T02:00,9.9,91,0.5,0.5,53,991.0,6.1
2023-01-07T03:00,9.7,93,0.4,0.4,51,990.8,10.1
2023-01-07T04:00,9.3,93,0.3,0.3,51,989.8,5.4
2023-01-07T05:00,8.7,93,0.1,0.1,51,988.9,4.9
2023-01-07T06:00,8.7,92,0.1,0.1,51,987.8,8.0
2023-01-07T07:00,8.6,88,0.1,0.1,51,987.2,10.6
2023-01-07T08:00,7.7,87,0.0,0.0,0,987.0,10.8
2023-01-07T09:00,7.0,87,0.0,0.0,0,986.5,9.9
2023-01-07T10:00,7.8,82,0.0,0.0,1,985.9,16.2
2023-01-07T11:00,8.7,79,0.0,0.0,3,985.0,23.1
2023-01-07T12:00,8.6,78,0.0,0.0,3,984.5,25.6
2023-01-07T13:00,8.8,76,0.0,0.0,2,983.5,23.3
2023-01-07T14:00,8.8,71,0.0,0.0,2,982.7,25.5
2023-01-07T15:00,8.6,69,0.0,0.0,0,981.9,27.4
2023-01-07T16:00,8.4,67,0.0,0.0,2,980.8,27.7
2023-01-07T17:00,8.6,66,0.0,0.0,3,980.5,32.3
2023-01-07T18:00,8.7,68,0.0,0.0,3,980.4,36.2
2023-01-07T19:00,8.5,71,0.0,0.0,3,980.7,34.4
2023-01-07T20:00,8.4,71,0.0,0.0,3,981.0,33.5
2023-01-07T21:00,8.7,70,0.0,0.0,3,981.2,35.2
2023-01-07T22:00,8.1,73,0.0,0.0,3,981.9,37.3
2023-01-07T23:00,8.1,72,0.0,0.0,3,982.4,38.8
2023-01-08T00:00,8.4,72,0.0,0.0,2,982.9,34.5
2023-01-08T01:00,8.1,70,0.0,0.0,3,983.2,34.3
2023-01-08T02:00,8.0,70,0.0,0.0,3,983.2,33.2
2023-01-08T03:00,7.7,70,0.0,0.0,2,983.4,31.4
2023-01-08T04:00,7.3,68,0.0,0.0,0,983.2,29.7
2023-01-08T05:00,6.9,67,0.0,0.0,3,983.1,26.6
2023-01-08T06:00,6.7,66,0.0,0.0,3,982.9,24.2
2023-01-08T07:00,6.6,67,0.0,0.0,3,982.3,22.3
2023-01-08T08:00,5.9,70,0.0,0.0,2,981.5,18.8
2023-01-08T09:00,5.2,72,0.0,0.0,3,981.5,18.6
2023-01-08T10:00,5.5,73,0.0,0.0,1,981.5,19.1
2023-01-08T11:00,6.3,72,0.0,0.0,0,981.2,16.3
2023-01-08T12:00,7.1,73,0.0,0.0,0,981.0,15.8
2023-01-08T13:00,6.6,72,0.3,0.3,51,980.7,13.8
2023-01-08T14:00,6.5,75,0.5,0.5,53,980.2,12.6
2023-01-08T15:00,6.9,74,0.0,0.0,3,980.2,18.6
2023-01-08T16:00,6.8,74,0.0,0.0,3,980.5,19.4
2023-01-08T17:00,6.6,75,0.0,0.0,3,981.0,21.3
2023-01-08T18:00,6.6,76,0.0,0.0,1,981.6,23.9
2023-01-08T19:00,6.1,80,0.0,0.0,1,982.3,23.7
2023-01-08T20:00,6.0,82,0.0,0.0,2,983.1,26.0
2023-01-08T21:00,5.8,84,0.0,0.0,2,983.8,27.6
2023-01-08T22:00,5.7,84,0.0,0.0,0,984.5,25.8
2023-01-08T23:00,5.7,81,0.0,0.0,0,984.8,27.5
2023-01-09T00:00,6.5,73,0.0,0.0,2,985.8,28.8
2023-01-09T01:00,6.2,74,0.0,0.0,0,986.3,28.6
2023-01-09T02:00,6.0,76,0.0,0.0,3,987.2,31.1
2023-01-09T03:00,6.5,75,0.0,0.0,1,988.9,32.1
2023-01-09T04:00,6.1,79,0.0,0.0,3,990.3,28.5
2023-01-09T05:00,5.8,79,0.0,0.0,0,991.7,29.2
2023-01-09T06:00,5.4,79,0.0,0.0,0,992.9,29.2
2023-01-09T07:00,5.4,77,0.0,0.0,0,994.2,29.9
2023-01-09T08:00,5.3,74,0.0,0.0,0,995.6,29.9
2023-01-09T09:00,5.0,74,0.0,0.0,0,996.9,30.4
2023-01-09T10:00,5.5,73,0.0,0.0,1,998.3,32.6
2023-01-09T11:00,6.4,70,0.0,0.0,1,999.4,34.3
2023-01-09T12:00,6.6,73,0.0,0.0,2,999.7,30.1
2023-01-09T13:00,7.2,72,0.0,0.0,1,1000.2,32.9
2023-01-09T14:00,7.6,70,0.0,0.0,1,1000.9,39.4
2023-01-09T15:00,7.7,67,0.0,0.0,2,1001.8,41.9
2023-01-09T16:00,7.3,66,0.0,0.0,3,1003.3,37.1
2023-01-09T17:00,6.8,69,0.0,0.0,2,1004.3,30.6
2023-01-09T18:00,6.3,73,0.0,0.0,3,1005.6,29.2
2023-01-09T19:00,6.1,75,0.0,0.0,3,1006.7,29.2
2023-01-09T20:00,6.1,75,0.0,0.0,3,1007.6,26.8
2023-01-09T21:00,5.9,74,0.0,0.0,3,1007.7,19.0
2023-01-09T22:00,5.8,74,0.0,0.0,3,1008.6,18.0
2023-01-09T23:00,5.9,72,0.0,0.0,3,1008.0,17.7
2023-01-10T00:00,6.6,72,0.0,0.0,3,1007.2,14.2
2023-01-10T01:00,7.0,72,0.0,0.0,3,1006.0,14.4
2023-01-10T02:00,7.5,73,0.2,0.2,51,1004.7,20.1
2023-01-10T03:00,7.2,82,1.6,1.6,61,1003.0,21.6
2023-01-10T04:00,7.2,87,2.6,2.6,63,1000.9,25.2
2023-01-10T05:00,8.1,87,2.7,2.7,63,997.6,40.0
2023-01-10T06:00,8.6,89,3.6,3.6,63,995.1,43.3
2023-01-10T07:00,9.7,86,0.4,0.4,51,994.3,28.9
2023-01-10T08:00,11.5,85,0.1,0.1,51,993.5,21.7
2023-01-10T09:00,12.5,86,1.9,1.9,61,992.7,23.4
2023-01-10T10:00,13.1,85,0.0,0.0,3,992.3,21.2
2023-01-10T11:00,13.5,84,0.1,0.1,51,991.7,21.9
2023-01-10T12:00,13.4,84,0.1,0.1,51,990.2,25.7
2023-01-10T13:00,13.8,82,0.0,0.0,3,988.6,26.4
2023-01-10T14:00,14.1,80,0.0,0.0,3,987.0,33.7
2023-01-10T15:00,13.9,81,0.3,0.3,51,986.7,33.3
2023-01-10T16:00,12.2,87,2.0,2.0,61,987.9,41.3
2023-01-10T17:00,10.5,85,1.4,1.4,61,989.7,39.1
2023-01-10T18:00,9.6,84,0.0,0.0,2,991.3,39.0
2023-01-10T19:00,9.4,82,0.0,0.0,3,993.2,37.7
2023-01-10T20:00,9.0,83,0.0,0.0,1,994.7,36.5
2023-01-10T21:00,8.2,80,0.0,0.0,0,996.1,32.1
2023-01-10T22:00,7.7,79,0.0,0.0,0,997.3,31.4
2023-01-10T23:00,7.4,79,0.0,0.0,1,998.2,30.6
2023-01-11T00:00,7.2,78,0.0,0.0,0,998.3,32.8
2023-01-11T01:00,7.0,77,0.0,0.0,1,998.4,32.5
2023-01-11T02:00,6.9,76,0.0,0.0,0,998.6,35.1
2023-01-11T03:00,6.6,75,0.0,0.0,1,999.0,34.3
2023-01-11T04:00,6.8,70,0.0,0.0,0,999.2,34.9
2023-01-11T05:00,6.8,68,0.0,0.0,0,999.3,34.2
2023-01-11T06:00,6.8,68,0.0,0.0,2,999.1,36.4
2023-01-11T07:00,7.0,69,0.0,0.0,3,999.1,35.5
2023-01-11T08:00,7.1,69,0.0,0.0,3,999.3,35.8
2023-01-11T09:00,7.1,71,0.0,0.0,3,999.4,32.7
2023-01-11T10:00,6.3,77,0.6,0.6,53,999.6,30.2
2023-01-11T11:00,6.7,79,0.5,0.5,53,999.1,30.3
2023-01-11T12:00,7.2,84,1.8,1.8,61,998.3,34.3
2023-01-11T13:00,7.2,80,0.1,0.1,51,998.2,37.6
2023-01-11T14:00,7.6,75,0.0,0.0,3,998.7,34.1
2023-01-11T15:00,7.7,71,0.0,0.0,3,998.9,31.9
2023-01-11T16:00,7.7,67,0.0,0.0,3,999.2,31.8
2023-01-11T17:00,7.9,66,0.0,0.0,3,999.4,31.3
2023-01-11T18:00,7.5,76,0.1,0.1,51,999.1,29.5
2023-01-11T19:00,7.8,81,0.3,0.3,51,998.6,26.1
2023-01-11T20:00,8.2,84,0.8,0.8,53,997.0,20.4
2023-01-11T21:00,8.4,85,2.4,2.4,61,994.6,13.4
2023-01-11T22:00,9.4,85,1.6,1.6,61,991.8,21.9
2023-01-11T23:00,11.0,86,0.4,0.4,51,991.5,40.4
2023-01-12T00:00,11.3,87,0.1,0.1,51,992.0,41.9
2023-01-12T01:00,11.2,87,0.1,0.1,51,993.2,35.7
2023-01-12T02:00,11.2,87,0.0,0.0,3,993.5,35.5
2023-01-12T03:00,11.0,85,0.0,0.0,0,993.8,34.2
2023-01-12T04:00,10.2,86,0.0,0.0,2,994.2,32.5
2023-01-12T05:00,10.1,85,0.0,0.0,1,994.0,31.7
2023-01-12T06:00,9.9,83,0.0,0.0,2,993.5,27.4
2023-01-12T07:00,10.3,81,0.0,0.0,3,992.8,26.9
2023-01-12T08:00,10.7,81,0.0,0.0,3,992.6,34.2
2023-01-12T09:00,10.3,76,0.0,0.0,3,992.4,38.6
2023-01-12T10:00,9.5,73,0.0,0.0,3,992.9,39.4
2023-01-12T11:00,8.9,73,0.0,0.0,0,992.8,40.8
2023-01-12T12:00,9.1,67,0.0,0.0,1,992.1,44.2
2023-01-12T13:00,8.7,67,0.0,0.0,1,991.7,38.3
2023-01-12T14:00,8.4,65,0.0,0.0,1,991.2,42.3
2023-01-12T15:00,8.2,64,0.0,0.0,1,991.2,44.0
2023-01-12T16:00,8.0,62,0.0,0.0,1,991.0,44.0
2023-01-12T17:00,7.6,64,0.0,0.0,2,991.0,46.5
2023-01-12T18:00,7.3,65,0.0,0.0,2,990.5,48.4
2023-01-12T19:00,7.2,66,0.0,0.0,2,990.5,50.6
2023-01-12T20:00,7.2,67,0.0,0.0,3,990.4,52.0
2023-01-12T21:00,7.4,66,0.0,0.0,1,990.5,51.7
2023-01-12T22:00,7.6,66,0.0,0.0,3,991.2,52.5
2023-01-12T23:00,7.5,68,0.0,0.0,3,991.6,52.4
2023-01-13T00:00,7.2,77,0.0,0.0,2,993.2,44.0
2023-01-13T01:00,7.6,76,0.0,0.0,1,994.1,44.3
2023-01-13T02:00,7.1,77,0.0,0.0,3,995.1,41.7
2023-01-13T03:00,7.0,77,0.0,0.0,3,996.6,42.9
2023-01-13T04:00,7.2,78,0.0,0.0,1,997.7,40.4
2023-01-13T05:00,7.0,77,0.0,0.0,2,998.8,37.9
2023-01-13T06:00,6.6,79,0.0,0.0,1,999.8,37.6
2023-01-13T07:00,6.6,79,0.0,0.0,0,1001.3,36.3
2023-01-13T08:00,6.7,78,0.0,0.0,0,1002.4,37.0
2023-01-13T09:00,6.7,77,0.0,0.0,0,1003.7,35.7
2023-01-13T10:00,7.1,75,0.0,0.0,0,1005.1,36.8
2023-01-13T11:00,7.8,73,0.0,0.0,0,1006.2,34.6
2023-01-13T12:00,8.4,72,0.0,0.0,0,1006.7,27.3
2023-01-13T13:00,8.8,67,0.0,0.0,0,1007.5,28.8
2023-01-13T14:00,8.8,69,0.0,0.0,1,1007.6,28.6
2023-01-13T15:00,8.5,70,0.0,0.0,3,1007.9,26.0
2023-01-13T16:00,7.9,72,0.0,0.0,3,1007.7,20.3
2023-01-13T17:00,7.5,75,0.0,0.0,3,1007.4,11.9
2023-01-13T18:00,7.5,77,0.0,0.0,3,1006.8,12.3
2023-01-13T19:00,7.7,76,0.1,0.1,51,1005.5,14.3
2023-01-13T20:00,8.2,76,0.0,0.0,3,1003.9,16.6
2023-01-13T21:00,8.7,78,0.1,0.1,51,1002.3,17.6
2023-01-13T22:00,9.4,79,0.4,0.4,51,1000.5,20.6
2023-01-13T23:00,9.4,84,0.8,0.8,53,999.0,22.0
2023-01-14T00:00,9.3,88,0.5,0.5,53,996.8,10.5
2023-01-14T01:00,8.9,93,2.2,2.2,61,994.5,4.5
2023-01-14T02:00,9.6,90,1.5,1.5,61,992.7,12.0
2023-01-14T03:00,9.8,93,1.1,1.1,55,991.9,17.7
2023-01-14T04:00,9.2,92,0.6,0.6,53,990.9,18.4
2023-01-14T05:00,8.3,89,0.1,0.1,51,990.6,24.1
2023-01-14T06:00,7.4,88,0.0,0.0,3,990.6,28.4
2023-01-14T07:00,6.9,86,0.0,0.0,3,990.8,29.5
2023-01-14T08:00,6.6,81,0.1,0.1,51,991.4,30.6
2023-01-14T09:00,6.0,79,0.0,0.0,0,991.8,32.8
2023-01-14T10:00,5.5,78,0.0,0.0,0,992.4,32.1
2023-01-14T11:00,5.8,74,0.0,0.0,0,992.8,31.5
2023-01-14T12:00,6.5,73,0.0,0.0,0,992.7,32.0
2023-01-14T13:00,6.6,70,0.0,0.0,1,992.6,36.4
2023-01-14T14:00,6.7,68,0.0,0.0,0,992.8,37.1
2023-01-14T15:00,6.4,66,0.0,0.0,0,992.8,36.8
2023-01-14T16:00,5.6,69,0.0,0.0,1,993.1,34.7
2023-01-14T17:00,5.1,68,0.0,0.0,0,993.5,34.8
2023-01-14T18:00,4.6,70,0.0,0.0,0,993.9,35.9
2023-01-14T19:00,4.2,71,0.0,0.0,0,994.1,37.9
2023-01-14T20:00,3.9,71,0.0,0.0,0,994.3,37.9
2023-01-14T21:00,3.7,73,0.0,0.0,0,994.1,38.1
2023-01-14T22:00,3.6,73,0.0,0.0,0,993.7,37.9
2023-01-14T23:00,3.6,71,0.0,0.0,1,993.2,35.4
2023-01-15T00:00,3.5,72,0.0,0.0,1,992.7,35.0
2023-01-15T01:00,3.6,72,0.0,0.0,3,992.3,35.2
2023-01-15T02:00,4.0,75,0.0,0.0,3,991.8,35.5
2023-01-15T03:00,4.4,75,0.0,0.0,3,991.3,37.4
2023-01-15T04:00,4.3,77,0.0,0.0,3,991.7,34.4
2023-01-15T05:00,4.2,78,0.0,0.0,3,991.8,32.3
2023-01-15T06:00,4.4,77,0.0,0.0,3,992.6,27.4
2023-01-15T07:00,3.7,81,1.8,1.1,73,993.3,25.9
2023-01-15T08:00,3.6,85,0.6,0.5,71,994.1,27.0
2023-01-15T09:00,3.2,89,0.0,0.0,3,994.9,25.2
2023-01-15T10:00,3.5,90,0.0,0.0,3,995.6,22.0
2023-01-15T11:00,4.3,89,0.0,0.0,3,996.1,22.9
2023-01-15T12:00,5.5,84,0.0,0.0,3,995.8,18.6
2023-01-15T13:00,6.0,82,0.0,0.0,2,995.4,21.2
2023-01-15T14:00,5.3,83,0.0,0.0,3,995.1,23.7
2023-01-15T15:00,4.1,90,0.2,0.2,51,994.2,16.3
2023-01-15T16:00,4.4,89,0.1,0.1,51,993.5,16.5
2023-01-15T17:00,4.4,88,0.0,0.0,3,993.0,16.0
2023-01-15T18:00,4.2,88,0.0,0.0,3,992.4,15.5
2023-01-15T19:00,3.7,89,0.0,0.0,1,991.6,13.7
2023-01-15T20:00,2.9,91,0.0,0.0,1,991.1,11.7
2023-01-15T21:00,2.4,91,0.0,0.0,1,990.8,12.6
2023-01-15T22:00,2.0,92,0.0,0.0,0,990.5,14.3
2023-01-15T23:00,1.6,93,0.0,0.0,0,990.1,15.5
2023-01-16T00:00,1.5,93,0.0,0.0,2,989.7,14.7
2023-01-16T01:00,1.3,92,0.0,0.0,1,989.8,15.9
2023-01-16T02:00,1.3,92,0.0,0.0,3,989.9,17.4
2023-01-16T03:00,1.7,91,0.0,0.0,1,990.1,17.2
2023-01-16T04:00,1.8,89,0.0,0.0,0,990.5,19.0
2023-01-16T05:00,1.6,87,0.0,0.0,0,990.9,19.9
2023-01-16T06:00,0.9,86,0.0,0.0,0,991.2,18.5
2023-01-16T07:00,0.1,86,0.0,0.0,0,991.6,17.8
2023-01-16T08:00,-0.3,81,0.0,0.0,0,992.1,17.2
2023-01-16T09:00,-0.6,80,0.0,0.0,0,992.4,16.4
2023-01-16T10:00,0.0,78,0.0,0.0,0,992.5,15.3
2023-01-16T11:00,1.0,78,0.0,0.0,0,992.6,14.1
2023-01-16T12:00,1.8,77,0.0,0.0,0,992.0,13.0
2023-01-16T13:00,2.5,76,0.0,0.0,3,991.2,14.1
2023-01-16T14:00,2.7,75,0.0,0.0,3,990.5,13.3
2023-01-16T15:00,2.5,76,0.0,0.0,3,990.0,13.3
2023-01-16T16:00,1.7,81,0.0,0.0,3,989.7,12.2
2023-01-16T17:00,0.7,85,0.0,0.0,3,989.4,12.3
2023-01-16T18:00,0.0,86,0.0,0.0,2,988.9,13.4
2023-01-16T19:00,-0.7,87,0.0,0.0,2,988.4,12.0
2023-01-16T20:00,-1.1,88,0.0,0.0,3,988.4,12.3
2023-01-16T21:00,-1.0,88,0.0,0.0,3,988.1,11.1
2023-01-16T22:00,-1.0,87,0.0,0.0,3,987.9,10.4
2023-01-16T23:00,-1.0,87,0.0,0.0,3,987.7,11.0
2023-01-17T00:00,-1.4,87,0.0,0.0,3,988.1,12.7
2023-01-17T01:00,-1.9,87,0.0,0.0,3,987.8,10.9
2023-01-17T02:00,-1.9,87,0.0,0.0,3,987.6,11.2
2023-01-17T03:00,-2.1,86,0.0,0.0,3,987.9,10.9
2023-01-17T04:00,-2.1,86,0.0,0.0,1,987.8,11.5
2023-01-17T05:00,-2.3,86,0.0,0.0,3,987.9,12.7
2023-01-17T06:00,-2.5,87,0.0,0.0,3,988.2,14.8
2023-01-17T07:00,-2.4,86,0.0,0.0,2,988.7,15.2
2023-01-17T08:00,-2.1,84,0.0,0.0,0,989.3,14.9
2023-01-17T09:00,-2.1,85,0.0,0.0,0,989.9,15.5
2023-01-17T10:00,-0.9,82,0.0,0.0,0,990.4,16.6
2023-01-17T11:00,0.4,78,0.0,0.0,0,990.5,17.7
2023-01-17T12:00,1.1,77,0.0,0.0,0,990.8,19.1
2023-01-17T13:00,2.0,75,0.0,0.0,0,990.8,19.6
2023-01-17T14:00,2.3,76,0.0,0.0,1,990.7,22.9
2023-01-17T15:00,2.2,77,0.0,0.0,0,990.9,22.2
2023-01-17T16:00,1.4,81,0.0,0.0,0,991.3,21.4
2023-01-17T17:00,0.5,85,0.0,0.0,0,991.7,21.3
2023-01-17T18:00,0.0,86,0.0,0.0,0,992.2,22.4
2023-01-17T19:00,-0.0,85,0.0,0.0,0,992.4,24.1
2023-01-17T20:00,-0.1,85,0.0,0.0,3,992.5,25.6
2023-01-17T21:00,-0.3,86,0.0,0.0,3,992.8,24.5
2023-01-17T22:00,-0.2,86,0.0,0.0,2,993.1,23.4
2023-01-17T23:00,-0.4,87,0.0,0.0,3,993.4,22.3
2023-01-18T00:00,0.3,84,0.0,0.0,3,993.2,26.3
2023-01-18T01:00,0.7,83,0.0,0.0,3,993.4,27.2
2023-01-18T02:00,0.8,83,0.0,0.0,1,993.7,25.8
2023-01-18T03:00,0.8,84,0.0,0.0,2,994.4,24.7
2023-01-18T04:00,1.0,81,0.0,0.0,3,994.8,24.1
2023-01-18T05:00,1.2,79,0.0,0.0,3,995.5,25.5
2023-01-18T06:00,1.2,79,0.0,0.0,3,996.4,25.4
2023-01-18T07:00,1.0,79,0.0,0.0,0,997.5,24.4
2023-01-18T08:00,0.8,79,0.0,0.0,0,998.3,24.4
2023-01-18T09:00,1.3,78,0.0,0.0,0,999.1,26.6
2023-01-18T10:00,2.2,77,0.0,0.0,1,999.8,26.0
2023-01-18T11:00,3.5,74,0.0,0.0,3,1000.5,27.9
2023-01-18T12:00,3.6,78,0.0,0.0,3,1000.7,26.3
2023-01-18T13:00,3.9,76,0.0,0.0,3,1001.2,31.8
2023-01-18T14:00,4.1,77,0.0,0.0,3,1001.7,28.7
2023-01-18T15:00,4.5,74,0.0,0.0,0,1002.2,26.6
2023-01-18T16:00,3.9,75,0.0,0.0,0,1003.4,24.6
2023-01-18T17:00,2.8,79,0.0,0.0,0,1004.5,21.7
2023-01-18T18:00,2.0,82,0.0,0.0,0,1005.7,21.2
2023-01-18T19:00,1.1,87,0.0,0.0,0,1006.3,19.1
2023-01-18T20:00,0.4,89,0.0,0.0,3,1006.7,18.0
2023-01-18T21:00,0.3,89,0.0,0.0,3,1006.8,18.7
2023-01-18T22:00,-0.0,89,0.0,0.0,3,1006.5,19.1
2023-01-18T23:00,-0.0,89,0.0,0.0,3,1006.2,18.5
2023-01-19T00:00,0.4,89,0.0,0.0,3,1006.1,19.4
2023-01-19T01:00,0.5,88,0.0,0.0,3,1005.8,17.9
2023-01-19T02:00,0.4,88,0.0,0.0,3,1005.4,17.1
2023-01-19T03:00,0.5,86,0.0,0.0,3,1005.2,15.9
2023-01-19T04:00,0.7,85,0.0,0.0,3,1005.0,14.9
2023-01-19T05:00,0.7,85,0.0,0.0,3,1005.0,15.1
2023-01-19T06:00,0.5,86,0.0,0.0,3,1005.1,15.2
2023-01-19T07:00,0.1,87,0.1,0.0,71,1005.5,15.8
2023-01-19T08:00,0.4,88,0.0,0.0,3,1005.9,16.6
2023-01-19T09:00,0.4,88,0.0,0.0,0,1006.7,15.8
2023-01-19T10:00,0.9,87,0.0,0.0,0,1007.2,16.6
2023-01-19T11:00,2.0,86,0.0,0.0,0,1008.0,16.0
2023-01-19T12:00,3.0,83,0.0,0.0,0,1008.1,14.3
2023-01-19T13:00,3.9,82,0.0,0.0,0,1008.3,15.5
2023-01-19T14:00,4.3,80,0.0,0.0,0,1008.4,15.8
2023-01-19T15:00,4.2,80,0.0,0.0,0,1009.1,14.8
2023-01-19T16:00,3.4,84,0.0,0.0,0,1010.2,15.6
2023-01-19T17:00,2.2,87,0.0,0.0,0,1011.2,15.4
2023-01-19T18:00,1.5,88,0.0,0.0,0,1012.1,16.8
2023-01-19T19:00,1.1,88,0.0,0.0,0,1012.6,16.2
2023-01-19T20:00,0.8,88,0.0,0.0,0,1013.2,17.3
2023-01-19T21:00,0.5,88,0.0,0.0,0,1013.6,16.9
2023-01-19T22:00,0.1,88,0.0,0.0,0,1014.3,17.3
2023-01-19T23:00,-0.1,88,0.0,0.0,1,1014.8,18.0
2023-01-20T00:00,-0.1,88,0.0,0.0,1,1014.9,16.7
2023-01-20T01:00,-0.1,88,0.0,0.0,3,1015.2,16.2
2023-01-20T02:00,-0.1,89,0.0,0.0,3,1015.4,15.9
2023-01-20T03:00,-0.0,89,0.0,0.0,3,1015.8,15.1
2023-01-20T04:00,0.1,88,0.0,0.0,3,1015.9,13.3
2023-01-20T05:00,0.1,87,0.0,0.0,3,1016.1,10.8
2023-01-20T06:00,-0.2,85,0.0,0.0,3,1016.2,8.6
2023-01-20T07:00,-0.5,84,0.0,0.0,3,1016.8,7.2
2023-01-20T08:00,-1.6,87,0.0,0.0,3,1017.3,7.2
2023-01-20T09:00,-1.5,87,0.0,0.0,1,1017.7,4.2
2023-01-20T10:00,1.1,82,0.0,0.0,0,1018.3,3.2
2023-01-20T11:00,3.6,77,0.0,0.0,0,1018.7,5.4
2023-01-20T12:00,5.4,69,0.0,0.0,0,1018.7,10.4
2023-01-20T13:00,5.8,58,0.0,0.0,0,1018.9,12.4
2023-01-20T14:00,5.9,61,0.0,0.0,0,1019.0,12.0
2023-01-20T15:00,5.7,70,0.0,0.0,0,1019.6,12.3
2023-01-20T16:00,5.0,76,0.0,0.0,0,1020.4,11.6
2023-01-20T17:00,4.1,81,0.0,0.0,0,1021.2,10.7
2023-01-20T18:00,3.9,82,0.0,0.0,1,1021.8,10.2
2023-01-20T19:00,3.9,83,0.0,0.0,1,1022.3,9.2
2023-01-20T20:00,4.1,83,0.0,0.0,2,1023.1,9.2
2023-01-20T21:00,5.0,84,0.0,0.0,2,1023.8,13.0
2023-01-20T22:00,6.0,83,0.0,0.0,3,1024.1,16.3
2023-01-20T23:00,6.3,82,0.0,0.0,3,1024.5,18.8
2023-01-21T00:00,6.0,79,0.0,0.0,3,1025.1,19.9
2023-01-21T01:00,6.3,78,0.0,0.0,3,1025.2,19.1
2023-01-21T02:00,6.3,77,0.0,0.0,3,1025.4,18.4
2023-01-21T03:00,6.3,76,0.0,0.0,3,1025.8,18.3
2023-01-21T04:00,6.5,76,0.0,0.0,3,1025.9,18.0
2023-01-21T05:00,6.6,75,0.0,0.0,3,1025.9,18.8
2023-01-21T06:00,6.6,75,0.0,0.0,3,1026.1,19.2
2023-01-21T07:00,6.5,79,0.0,0.0,3,1026.5,17.7
2023-01-21T08:00,6.5,83,0.0,0.0,3,1026.8,18.0
2023-01-21T09:00,6.6,85,0.1,0.1,51,1027.2,18.8
2023-01-21T10:00,6.8,85,0.4,0.4,51,1027.3,20.7
2023-01-21T11:00,7.0,85,0.2,0.2,51,1027.3,22.9
2023-01-21T12:00,7.4,84,0.0,0.0,3,1027.3,21.6
2023-01-21T13:00,7.6,84,0.0,0.0,3,1026.9,21.2
2023-01-21T14:00,7.7,84,0.0,0.0,3,1026.7,21.9
2023-01-21T15:00,7.6,84,0.0,0.0,3,1026.7,23.1
2023-01-21T16:00,7.4,85,0.0,0.0,3,1026.8,22.3
2023-01-21T17:00,7.2,85,0.0,0.0,3,1027.1,21.0
2023-01-21T18:00,7.2,86,0.0,0.0,3,1027.3,19.4
2023-01-21T19:00,7.6,86,0.0,0.0,3,1027.3,19.1
2023-01-21T20:00,7.9,86,0.0,0.0,3,1027.7,17.4
2023-01-21T21:00,8.1,85,0.0,0.0,3,1027.2,19.1
2023-01-21T22:00,8.2,85,0.0,0.0,3,1027.0,19.2
2023-01-21T23:00,8.3,84,0.0,0.0,3,1026.7,20.7
2023-01-22T00:00,8.4,86,0.0,0.0,3,1026.7,19.1
2023-01-22T01:00,8.4,85,0.0,0.0,3,1026.3,18.1
2023-01-22T02:00,8.2,84,0.0,0.0,3,1026.0,18.1
2023-01-22T03:00,8.2,85,0.0,0.0,3,1025.9,18.6
2023-01-22T04:00,8.3,85,0.0,0.0,3,1025.8,17.3
2023-01-22T05:00,8.3,85,0.0,0.0,3,1026.0,16.3
2023-01-22T06:00,8.4,87,0.1,0.1,51,1025.6,17.1
2023-01-22T07:00,8.5,87,0.1,0.1,51,1025.5,16.3
2023-01-22T08:00,8.8,86,0.0,0.0,3,1025.7,15.6
2023-01-22T09:00,9.1,86,0.1,0.1,51,1026.1,15.5
2023-01-22T10:00,9.3,88,0.5,0.5,53,1026.0,17.3
2023-01-22T11:00,9.5,89,0.7,0.7,53,1026.2,16.7
2023-01-22T12:00,10.0,90,0.1,0.1,51,1027.2,14.2
2023-01-22T13:00,10.1,90,0.0,0.0,3,1026.8,14.2
2023-01-22T14:00,10.3,90,0.0,0.0,3,1026.6,13.1
2023-01-22T15:00,10.1,90,0.0,0.0,3,1026.6,12.8
2023-01-22T16:00,9.9,89,0.0,0.0,3,1026.9,12.2
2023-01-22T17:00,9.6,90,0.2,0.2,51,1027.5,10.6
2023-01-22T18:00,9.5,91,0.3,0.3,51,1027.6,11.1
2023-01-22T19:00,9.3,93,0.1,0.1,51,1028.0,8.9
2023-01-22T20:00,9.0,93,0.0,0.0,3,1028.4,6.4
2023-01-22T21:00,8.5,94,0.0,0.0,3,1028.6,5.5
2023-01-22T22:00,8.5,94,0.0,0.0,3,1028.9,5.1
2023-01-22T23:00,8.9,95,0.0,0.0,3,1029.0,9.7
2023-01-23T00:00,9.4,95,0.0,0.0,3,1029.1,11.0
2023-01-23T01:00,9.6,93,0.1,0.1,51,1029.1,12.0
2023-01-23T02:00,9.5,92,0.3,0.3,51,1029.4,9.0
2023-01-23T03:00,9.5,92,0.0,0.0,3,1029.3,11.9
2023-01-23T04:00,9.3,93,0.0,0.0,3,1029.6,9.4
2023-01-23T05:00,9.3,93,0.1,0.1,51,1029.5,8.1
2023-01-23T06:00,9.2,93,0.2,0.2,51,1029.8,5.9
2023-01-23T07:00,9.6,93,0.0,0.0,3,1029.8,10.5
2023-01-23T08:00,9.1,94,0.0,0.0,3,1030.6,5.9
2023-01-23T09:00,8.8,95,0.0,0.0,3,1031.8,3.7
2023-01-23T10:00,9.3,95,0.0,0.0,3,1031.9,5.9
2023-01-23T11:00,9.7,95,0.0,0.0,3,1032.0,7.6
2023-01-23T12:00,10.8,93,0.0,0.0,3,1031.9,11.6
2023-01-23T13:00,11.2,90,0.0,0.0,3,1031.8,11.6
2023-01-23T14:00,11.4,89,0.0,0.0,3,1032.0,8.7
2023-01-23T15:00,11.3,89,0.1,0.1,51,1032.2,7.6
2023-01-23T16:00,10.9,91,0.1,0.1,51,1032.5,6.8
2023-01-23T17:00,10.0,94,0.0,0.0,3,1033.0,5.2
2023-01-23T18:00,9.4,97,0.0,0.0,3,1033.6,3.6
2023-01-23T19:00,9.2,98,0.0,0.0,3,1033.8,2.9
2023-01-23T20:00,9.0,98,0.0,0.0,3,1034.2,2.9
2023-01-23T21:00,8.4,98,0.0,0.0,3,1034.7,5.4
2023-01-23T22:00,8.3,97,0.0,0.0,3,1034.9,4.8
2023-01-23T23:00,7.2,97,0.0,0.0,2,1035.1,9.2
2023-01-24T00:00,7.5,96,0.0,0.0,3,1035.3,8.4
2023-01-24T01:00,6.1,98,0.0,0.0,3,1035.2,9.1
2023-01-24T02:00,5.8,97,0.0,0.0,3,1035.1,9.0
2023-01-24T03:00,7.0,94,0.0,0.0,3,1035.3,7.0
2023-01-24T04:00,8.1,91,0.0,0.0,3,1035.6,4.7
2023-01-24T05:00,8.2,90,0.0,0.0,2,1035.9,5.2
2023-01-24T06:00,6.5,96,0.0,0.0,3,1036.2,9.7
2023-01-24T07:00,7.7,95,0.0,0.0,3,1036.1,8.1
2023-01-24T08:00,8.2,94,0.0,0.0,3,1036.4,9.2
2023-01-24T09:00,8.0,94,0.0,0.0,3,1036.6,5.5
2023-01-24T10:00,8.8,92,0.0,0.0,3,1036.5,5.4
2023-01-24T11:00,9.4,89,0.0,0.0,3,1036.6,6.4
2023-01-24T12:00,9.6,89,0.0,0.0,3,1036.1,8.3
2023-01-24T13:00,10.0,86,0.0,0.0,3,1035.9,9.9
2023-01-24T14:00,10.1,86,0.0,0.0,3,1035.6,12.1
2023-01-24T15:00,9.9,85,0.0,0.0,3,1035.6,12.4
2023-01-24T16:00,9.8,86,0.0,0.0,3,1035.5,10.2
2023-01-24T17:00,9.3,87,0.0,0.0,3,1035.6,7.5
2023-01-24T18:00,9.1,88,0.0,0.0,3,1035.8,7.4
2023-01-24T19:00,9.0,89,0.1,0.1,51,1035.8,9.0
2023-01-24T20:00,9.0,89,0.2,0.2,51,1035.5,9.8
2023-01-24T21:00,9.0,90,0.1,0.1,51,1035.2,11.4
2023-01-24T22:00,8.8,91,0.0,0.0,3,1035.0,12.1
2023-01-24T23:00,8.9,91,0.0,0.0,3,1034.7,13.7
2023-01-25T00:00,9.1,92,0.0,0.0,3,1034.4,16.0
2023-01-25T01:00,9.3,92,0.0,0.0,3,1034.0,16.6
2023-01-25T02:00,9.3,92,0.0,0.0,3,1033.8,16.5
2023-01-25T03:00,9.3,92,0.0,0.0,3,1033.8,15.8
2023-01-25T04:00,9.3,92,0.0,0.0,3,1033.4,17.2
2023-01-25T05:00,9.2,92,0.0,0.0,3,1033.1,20.6
2023-01-25T06:00,9.1,91,0.0,0.0,3,1032.7,22.3
2023-01-25T07:00,9.0,91,0.0,0.0,3,1032.4,23.4
2023-01-25T08:00,8.9,92,0.0,0.0,3,1032.0,23.2
2023-01-25T09:00,9.0,92,0.0,0.0,3,1031.8,23.4
2023-01-25T10:00,9.4,91,0.0,0.0,3,1031.4,23.5
2023-01-25T11:00,9.6,91,0.1,0.1,51,1032.4,21.6
2023-01-25T12:00,10.1,91,0.1,0.1,51,1032.0,17.7
2023-01-25T13:00,10.1,83,0.0,0.0,3,1031.8,16.8
2023-01-25T14:00,10.0,77,0.0,0.0,1,1031.8,18.1
2023-01-25T15:00,9.9,73,0.0,0.0,1,1032.0,18.0
2023-01-25T16:00,8.9,74,0.0,0.0,0,1032.4,16.0
2023-01-25T17:00,7.5,75,0.0,0.0,0,1032.9,15.6
2023-01-25T18:00,6.6,79,0.0,0.0,0,1033.4,16.3
2023-01-25T19:00,5.9,82,0.0,0.0,0,1033.7,15.4
2023-01-25T20:00,5.3,84,0.0,0.0,0,1034.2,16.4
2023-01-25T21:00,5.3,84,0.0,0.0,1,1034.3,18.6
2023-01-25T22:00,5.4,85,0.0,0.0,1,1034.2,18.3
2023-01-25T23:00,5.2,87,0.0,0.0,2,1034.2,16.9
2023-01-26T00:00,4.9,86,0.0,0.0,2,1034.5,15.0
2023-01-26T01:00,5.0,86,0.0,0.0,1,1034.1,14.3
2023-01-26T02:00,4.7,86,0.0,0.0,1,1034.1,13.3
2023-01-26T03:00,4.6,86,0.0,0.0,1,1034.3,12.2
2023-01-26T04:00,4.5,85,0.0,0.0,1,1034.6,13.3
2023-01-26T05:00,4.6,85,0.0,0.0,3,1034.8,13.3
2023-01-26T06:00,4.6,86,0.0,0.0,2,1034.9,13.2
2023-01-26T07:00,4.4,86,0.0,0.0,2,1035.1,11.5
2023-01-26T08:00,4.1,87,0.0,0.0,2,1035.2,11.6
2023-01-26T09:00,3.9,88,0.0,0.0,2,1035.7,12.7
2023-01-26T10:00,4.6,88,0.0,0.0,1,1036.0,13.3
2023-01-26T11:00,5.8,85,0.0,0.0,1,1035.9,11.4
2023-01-26T12:00,6.9,81,0.0,0.0,2,1036.2,10.7
2023-01-26T13:00,7.7,79,0.0,0.0,3,1035.7,11.5
2023-01-26T14:00,8.0,77,0.0,0.0,3,1035.2,11.2
2023-01-26T15:00,8.0,76,0.0,0.0,3,1035.0,10.8
2023-01-26T16:00,7.6,80,0.0,0.0,3,1035.0,9.2
2023-01-26T17:00,6.1,85,0.0,0.0,3,1035.0,9.3
2023-01-26T18:00,5.6,87,0.0,0.0,1,1035.1,12.0
2023-01-26T19:00,5.3,88,0.0,0.0,1,1035.0,12.2
2023-01-26T20:00,4.4,89,0.0,0.0,0,1035.2,12.4
2023-01-26T21:00,4.0,89,0.0,0.0,1,1035.1,11.5
2023-01-26T22:00,4.6,89,0.0,0.0,0,1035.2,11.4
2023-01-26T23:00,4.3,90,0.0,0.0,0,1034.8,11.0
2023-01-27T00:00,4.4,93,0.0,0.0,1,1034.6,8.9
2023-01-27T01:00,4.2,93,0.0,0.0,1,1034.2,10.4
2023-01-27T02:00,4.1,92,0.0,0.0,3,1033.7,10.9
2023-01-27T03:00,3.9,93,0.0,0.0,3,1033.3,9.4
2023-01-27T04:00,3.7,93,0.0,0.0,3,1033.1,10.0
2023-01-27T05:00,3.4,91,0.0,0.0,3,1033.0,10.8
2023-01-27T06:00,3.5,90,0.0,0.0,3,1033.1,9.4
2023-01-27T07:00,3.3,90,0.0,0.0,3,1033.1,8.4
2023-01-27T08:00,2.9,90,0.0,0.0,3,1033.3,7.9
2023-01-27T09:00,2.7,90,0.0,0.0,3,1033.3,8.8
2023-01-27T10:00,3.5,90,0.0,0.0,3,1032.9,8.0
2023-01-27T11:00,4.5,87,0.0,0.0,3,1032.9,8.7
2023-01-27T12:00,6.0,82,0.0,0.0,2,1032.9,8.1
2023-01-27T13:00,6.6,76,0.0,0.0,2,1032.2,8.4
2023-01-27T14:00,6.8,71,0.0,0.0,2,1031.6,7.5
2023-01-27T15:00,6.9,69,0.0,0.0,3,1031.3,8.0
2023-01-27T16:00,6.4,73,0.0,0.0,3,1031.3,7.9
2023-01-27T17:00,5.3,76,0.0,0.0,2,1031.6,8.3
2023-01-27T18:00,4.7,78,0.0,0.0,2,1031.8,9.0
2023-01-27T19:00,3.7,81,0.0,0.0,2,1032.0,10.6
2023-01-27T20:00,3.9,81,0.0,0.0,3,1031.9,9.7
2023-01-27T21:00,4.5,79,0.0,0.0,3,1031.9,10.0
2023-01-27T22:00,5.0,76,0.0,0.0,3,1031.4,10.7
2023-01-27T23:00,5.2,75,0.0,0.0,3,1031.2,11.8
2023-01-28T00:00,4.8,79,0.0,0.0,3,1031.4,13.3
2023-01-28T01:00,4.9,79,0.0,0.0,3,1030.9,13.0
2023-01-28T02:00,5.2,79,0.0,0.0,3,1030.4,13.3
2023-01-28T03:00,5.3,80,0.0,0.0,3,1030.7,13.3
2023-01-28T04:00,5.3,82,0.0,0.0,3,1030.6,14.3
2023-01-28T05:00,5.5,83,0.0,0.0,3,1030.4,15.6
2023-01-28T06:00,5.6,85,0.0,0.0,3,1030.6,17.1
2023-01-28T07:00,5.9,86,0.0,0.0,3,1030.5,16.3
2023-01-28T08:00,6.3,86,0.0,0.0,3,1030.7,17.0
2023-01-28T09:00,6.5,87,0.0,0.0,3,1031.3,16.3
2023-01-28T10:00,6.7,88,0.0,0.0,3,1031.3,16.2
2023-01-28T11:00,6.9,88,0.0,0.0,3,1031.1,15.5
2023-01-28T12:00,6.9,89,0.0,0.0,3,1031.0,9.0
2023-01-28T13:00,7.4,88,0.0,0.0,3,1030.4,12.8
2023-01-28T14:00,7.6,88,0.0,0.0,3,1029.7,11.8
2023-01-28T15:00,7.7,88,0.0,0.0,3,1029.9,13.3
2023-01-28T16:00,7.5,90,0.0,0.0,3,1029.7,11.2
2023-01-28T17:00,7.2,91,0.0,0.0,3,1029.6,10.1
2023-01-28T18:00,7.1,92,0.0,0.0,3,1029.9,8.7
2023-01-28T19:00,7.1,93,0.0,0.0,3,1029.8,8.8
2023-01-28T20:00,6.8,93,0.0,0.0,3,1029.6,10.9
2023-01-28T21:00,6.3,92,0.0,0.0,3,1029.3,11.7
2023-01-28T22:00,5.9,90,0.0,0.0,3,1029.2,12.4
2023-01-28T23:00,5.9,90,0.0,0.0,3,1028.7,14.3
2023-01-29T00:00,5.9,85,0.0,0.0,3,1028.8,14.4
2023-01-29T01:00,5.5,88,0.0,0.0,3,1028.6,15.6
2023-01-29T02:00,5.1,92,0.0,0.0,2,1028.1,14.8
2023-01-29T03:00,4.4,92,0.0,0.0,1,1027.5,15.6
2023-01-29T04:00,4.2,89,0.0,0.0,3,1026.6,16.2
2023-01-29T05:00,4.3,88,0.0,0.0,2,1026.1,16.8
2023-01-29T06:00,4.1,89,0.0,0.0,2,1025.5,18.2
2023-01-29T07:00,4.0,91,0.0,0.0,3,1025.3,19.0
2023-01-29T08:00,4.8,89,0.0,0.0,3,1025.2,20.9
2023-01-29T09:00,5.7,86,0.0,0.0,3,1025.1,22.3
2023-01-29T10:00,6.6,84,0.0,0.0,3,1024.5,23.3
2023-01-29T11:00,7.7,83,0.0,0.0,3,1024.1,23.9
2023-01-29T12:00,8.3,84,0.0,0.0,3,1023.4,22.3
2023-01-29T13:00,9.2,83,0.0,0.0,3,1022.0,22.9
2023-01-29T14:00,10.4,83,0.0,0.0,3,1020.5,30.9
2023-01-29T15:00,10.0,84,0.0,0.0,3,1019.6,31.6
2023-01-29T16:00,10.1,83,0.0,0.0,3,1019.5,31.3
2023-01-29T17:00,10.0,81,0.0,0.0,3,1019.0,28.3
2023-01-29T18:00,10.2,83,0.0,0.0,3,1018.9,29.3
2023-01-29T19:00,10.3,85,0.0,0.0,3,1019.1,28.1
2023-01-29T20:00,10.4,85,0.0,0.0,3,1019.7,25.9
2023-01-29T21:00,9.8,84,0.0,0.0,3,1020.5,23.0
2023-01-29T22:00,8.7,78,0.0,0.0,2,1021.3,25.7
2023-01-29T23:00,7.2,73,0.0,0.0,3,1022.0,24.1
2023-01-30T00:00,7.1,73,0.0,0.0,3,1022.0,24.1
2023-01-30T01:00,7.1,71,0.0,0.0,3,1022.0,23.7
2023-01-30T02:00,7.0,69,0.0,0.0,3,1022.4,23.5
2023-01-30T03:00,7.0,68,0.0,0.0,3,1022.7,24.2
2023-01-30T04:00,7.1,67,0.0,0.0,3,1022.9,23.4
2023-01-30T05:00,7.1,68,0.0,0.0,3,1023.4,22.2
2023-01-30T06:00,7.0,68,0.0,0.0,3,1023.6,22.3
2023-01-30T07:00,6.8,69,0.0,0.0,3,1023.7,20.8
2023-01-30T08:00,6.5,72,0.0,0.0,3,1024.2,17.9
2023-01-30T09:00,6.0,76,0.0,0.0,1,1025.1,16.6
2023-01-30T10:00,6.5,76,0.0,0.0,3,1025.7,17.3
2023-01-30T11:00,7.5,75,0.0,0.0,1,1025.8,17.3
2023-01-30T12:00,8.0,76,0.0,0.0,1,1026.2,18.4
2023-01-30T13:00,8.5,74,0.0,0.0,3,1025.9,17.5
2023-01-30T14:00,8.8,70,0.0,0.0,3,1025.5,19.5
2023-01-30T15:00,8.7,69,0.0,0.0,3,1025.5,18.3
2023-01-30T16:00,8.3,70,0.0,0.0,3,1025.3,14.8
2023-01-30T17:00,8.0,71,0.0,0.0,3,1024.8,14.1
2023-01-30T18:00,7.8,73,0.0,0.0,2,1024.4,16.9
2023-01-30T19:00,7.5,75,0.0,0.0,3,1024.2,21.1
2023-01-30T20:00,7.9,75,0.0,0.0,3,1023.7,22.9
2023-01-30T21:00,8.1,77,0.0,0.0,3,1023.4,22.9
2023-01-30T22:00,8.3,79,0.0,0.0,3,1022.8,22.4
2023-01-30T23:00,8.3,81,0.0,0.0,3,1022.2,22.8
2023-01-31T00:00,9.2,82,0.0,0.0,3,1021.5,25.8
2023-01-31T01:00,9.3,83,0.0,0.0,3,1020.8,28.0
2023-01-31T02:00,9.5,84,0.1,0.1,51,1020.0,30.4
2023-01-31T03:00,9.7,84,0.1,0.1,51,1020.0,32.2
2023-01-31T04:00,9.7,87,0.0,0.0,3,1020.2,31.5
2023-01-31T05:00,9.3,89,0.0,0.0,3,1020.4,29.5
2023-01-31T06:00,8.6,79,0.0,0.0,1,1020.8,32.4
2023-01-31T07:00,7.7,78,0.0,0.0,1,1021.1,31.3
2023-01-31T08:00,7.1,78,0.0,0.0,0,1021.6,30.6
2023-01-31T09:00,6.9,78,0.0,0.0,0,1022.3,30.7
2023-01-31T10:00,7.4,75,0.0,0.0,1,1023.0,29.8
2023-01-31T11:00,7.9,71,0.0,0.0,0,1023.4,31.0
2023-01-31T12:00,8.6,66,0.0,0.0,0,1023.2,36.8
2023-01-31T13:00,8.8,63,0.0,0.0,2,1022.8,36.9
2023-01-31T14:00,9.0,63,0.0,0.0,1,1022.7,34.2
2023-01-31T15:00,8.7,65,0.0,0.0,0,1022.4,32.4
2023-01-31T16:00,8.5,68,0.0,0.0,1,1022.6,28.1
2023-01-31T17:00,7.8,70,0.0,0.0,1,1022.7,26.1
2023-01-31T18:00,7.4,72,0.0,0.0,3,1022.7,26.2
2023-01-31T19:00,7.1,73,0.0,0.0,3,1022.6,28.4
2023-01-31T20:00,7.1,73,0.0,0.0,2,1022.7,31.1
2023-01-31T21:00,7.1,73,0.0,0.0,1,1022.8,32.4
2023-01-31T22:00,6.8,75,0.0,0.0,3,1022.6,31.3
2023-01-31T23:00,6.7,76,0.0,0.0,3,1022.5,30.6
2023-02-01T00:00,6.7,74,0.0,0.0,3,1022.1,32.4
2023-02-01T01:00,6.7,75,0.0,0.0,3,1021.9,31.7
2023-02-01T02:00,6.7,75,0.0,0.0,1,1021.6,31.1
2023-02-01T03:00,6.6,76,0.0,0.0,1,1021.5,31.9
2023-02-01T04:00,6.7,77,0.0,0.0,1,1020.9,32.4
2023-02-01T05:00,6.8,78,0.0,0.0,1,1020.9,34.0
2023-02-01T06:00,7.0,78,0.0,0.0,2,1021.2,32.5
2023-02-01T07:00,7.2,78,0.0,0.0,3,1021.4,30.3
2023-02-01T08:00,7.2,78,0.0,0.0,3,1021.7,28.2
2023-02-01T09:00,7.8,78,0.0,0.0,3,1022.1,27.8
2023-02-01T10:00,8.3,78,0.0,0.0,3,1022.3,27.6
2023-02-01T11:00,9.0,78,0.0,0.0,3,1022.3,26.3
2023-02-01T12:00,9.6,74,0.0,0.0,3,1022.5,33.5
2023-02-01T13:00,10.0,72,0.0,0.0,3,1022.0,33.9
2023-02-01T14:00,10.1,74,0.0,0.0,3,1021.8,29.6
2023-02-01T15:00,9.9,77,0.0,0.0,3,1022.0,28.7
2023-02-01T16:00,9.6,77,0.0,0.0,3,1022.1,26.1
2023-02-01T17:00,9.5,76,0.0,0.0,3,1022.3,26.1
2023-02-01T18:00,9.3,76,0.0,0.0,3,1022.5,26.8
2023-02-01T19:00,8.9,78,0.0,0.0,3,1022.9,27.9
2023-02-01T20:00,8.0,82,0.0,0.0,1,1023.2,25.7
2023-02-01T21:00,7.7,84,0.0,0.0,2,1023.0,25.2
2023-02-01T22:00,7.9,84,0.0,0.0,3,1022.8,26.1
2023-02-01T23:00,8.3,85,0.0,0.0,3,1022.7,26.0
2023-02-02T00:00,8.8,84,0.0,0.0,3,1022.7,26.9
2023-02-02T01:00,9.1,85,0.0,0.0,3,1022.5,26.1
2023-02-02T02:00,9.6,86,0.0,0.0,3,1022.3,24.7
2023-02-02T03:00,9.7,87,0.0,0.0,3,1022.0,23.5
2023-02-02T04:00,9.7,87,0.0,0.0,3,1021.8,24.4
2023-02-02T05:00,9.9,86,0.0,0.0,3,1021.7,25.3
2023-02-02T06:00,9.4,83,0.0,0.0,3,1021.9,26.0
2023-02-02T07:00,9.0,84,0.0,0.0,3,1022.0,25.0
2023-02-02T08:00,9.3,84,0.0,0.0,3,1022.2,25.8
2023-02-02T09:00,9.4,83,0.0,0.0,3,1022.5,28.0
2023-02-02T10:00,10.0,82,0.0,0.0,3,1022.8,26.7
2023-02-02T11:00,10.5,79,0.0,0.0,3,1022.8,27.3
2023-02-02T12:00,10.6,77,0.0,0.0,3,1022.3,30.9
2023-02-02T13:00,10.7,77,0.0,0.0,3,1022.1,29.1
2023-02-02T14:00,10.6,78,0.0,0.0,3,1021.7,28.5
2023-02-02T15:00,10.6,76,0.0,0.0,3,1021.3,31.9
2023-02-02T16:00,10.6,74,0.0,0.0,3,1021.7,27.9
2023-02-02T17:00,10.6,74,0.0,0.0,3,1022.3,25.7
2023-02-02T18:00,10.7,76,0.0,0.0,3,1023.2,24.6
2023-02-02T19:00,10.9,76,0.0,0.0,3,1023.2,27.0
2023-02-02T20:00,10.2,79,0.0,0.0,3,1023.1,28.6
2023-02-02T21:00,10.2,81,0.0,0.0,3,1023.6,29.8
2023-02-02T22:00,10.5,82,0.0,0.0,3,1024.0,29.3
2023-02-02T23:00,10.6,82,0.0,0.0,3,1023.5,32.2
2023-02-03T00:00,10.7,83,0.0,0.0,3,1023.5,32.0
2023-02-03T01:00,10.8,83,0.0,0.0,3,1024.0,27.7
2023-02-03T02:00,10.9,84,0.0,0.0,3,1024.8,24.9
2023-02-03T03:00,10.9,85,0.0,0.0,3,1025.1,24.9
2023-02-03T04:00,10.8,86,0.1,0.1,51,1025.0,26.1
2023-02-03T05:00,10.7,87,0.0,0.0,3,1024.9,26.7
2023-02-03T06:00,10.6,87,0.0,0.0,3,1025.4,25.1
2023-02-03T07:00,10.3,88,0.0,0.0,3,1025.7,24.2
2023-02-03T08:00,10.4,85,0.0,0.0,3,1026.4,24.5
2023-02-03T09:00,10.0,85,0.0,0.0,3,1027.3,25.5
2023-02-03T10:00,9.9,85,0.0,0.0,3,1028.0,25.7
2023-02-03T11:00,10.3,82,0.0,0.0,3,1028.6,26.8
2023-02-03T12:00,11.4,76,0.0,0.0,3,1028.8,27.2
2023-02-03T13:00,11.8,74,0.0,0.0,3,1028.9,26.8
2023-02-03T14:00,11.6,73,0.0,0.0,3,1029.1,21.5
2023-02-03T15:00,12.0,70,0.0,0.0,3,1029.2,18.3
2023-02-03T16:00,11.9,71,0.0,0.0,1,1029.4,15.6
2023-02-03T17:00,11.0,74,0.0,0.0,2,1029.5,11.0
2023-02-03T18:00,9.6,80,0.0,0.0,3,1030.0,8.9
2023-02-03T19:00,9.0,84,0.0,0.0,3,1030.3,9.9
2023-02-03T20:00,9.2,84,0.0,0.0,3,1030.5,9.7
2023-02-03T21:00,9.2,85,0.0,0.0,3,1031.0,9.7
2023-02-03T22:00,9.3,86,0.0,0.0,2,1031.4,10.9
2023-02-03T23:00,8.9,88,0.0,0.0,3,1031.8,10.7
2023-02-04T00:00,8.8,87,0.0,0.0,3,1032.0,13.2
2023-02-04T01:00,8.7,86,0.0,0.0,3,1032.0,12.0
2023-02-04T02:00,8.3,85,0.0,0.0,3,1032.0,11.1
2023-02-04T03:00,8.0,82,0.0,0.0,3,1032.1,12.9
2023-02-04T04:00,7.2,83,0.0,0.0,3,1031.9,13.3
2023-02-04T05:00,7.2,84,0.0,0.0,3,1031.9,11.6
2023-02-04T06:00,7.7,83,0.0,0.0,3,1032.1,11.4
2023-02-04T07:00,8.7,77,0.0,0.0,3,1032.2,13.0
2023-02-04T08:00,8.8,75,0.0,0.0,3,1032.2,11.1
2023-02-04T09:00,8.5,81,0.0,0.0,3,1032.5,12.8
2023-02-04T10:00,9.5,77,0.0,0.0,3,1032.5,16.2
2023-02-04T11:00,10.6,70,0.0,0.0,3,1032.6,17.9
2023-02-04T12:00,11.3,72,0.0,0.0,3,1032.8,15.0
2023-02-04T13:00,11.3,73,0.0,0.0,3,1032.7,15.2
2023-02-04T14:00,11.3,75,0.0,0.0,3,1032.8,17.6
2023-02-04T15:00,11.2,75,0.0,0.0,3,1033.3,20.3
2023-02-04T16:00,10.8,80,0.3,0.3,51,1034.6,25.4
2023-02-04T17:00,8.6,84,0.3,0.3,51,1037.0,22.0
2023-02-04T18:00,8.0,83,0.0,0.0,3,1038.4,18.4
2023-02-04T19:00,7.0,80,0.0,0.0,0,1039.5,16.3
2023-02-04T20:00,5.6,82,0.0,0.0,0,1039.9,11.3
2023-02-04T21:00,4.4,85,0.0,0.0,0,1040.4,11.4
2023-02-04T22:00,3.7,86,0.0,0.0,2,1041.9,12.7
2023-02-04T23:00,3.1,86,0.0,0.0,2,1042.6,12.0
2023-02-05T00:00,2.8,88,0.0,0.0,3,1043.0,10.9
2023-02-05T01:00,2.1,89,0.0,0.0,3,1043.2,11.5
2023-02-05T02:00,2.0,86,0.0,0.0,3,1044.1,10.6
2023-02-05T03:00,1.5,86,0.0,0.0,0,1044.5,6.5
2023-02-05T04:00,0.9,87,0.0,0.0,0,1045.0,7.9
2023-02-05T05:00,0.6,88,0.0,0.0,3,1045.2,6.5
2023-02-05T06:00,0.1,89,0.0,0.0,0,1044.8,3.8
2023-02-05T07:00,-0.6,90,0.0,0.0,2,1044.7,2.9
2023-02-05T08:00,-0.3,88,0.0,0.0,3,1044.7,5.1
2023-02-05T09:00,1.6,90,0.0,0.0,3,1045.0,8.5
2023-02-05T10:00,5.3,83,0.0,0.0,3,1044.8,9.9
2023-02-05T11:00,7.1,78,0.0,0.0,3,1045.1,11.5
2023-02-05T12:00,7.4,75,0.0,0.0,3,1044.8,8.2
2023-02-05T13:00,8.2,71,0.0,0.0,2,1044.1,7.8
2023-02-05T14:00,8.7,66,0.0,0.0,3,1043.4,6.8
2023-02-05T15:00,8.7,62,0.0,0.0,3,1042.7,7.2
2023-02-05T16:00,8.0,72,0.0,0.0,3,1042.4,4.5
2023-02-05T17:00,5.5,80,0.0,0.0,3,1042.3,7.4
2023-02-05T18:00,5.0,80,0.0,0.0,3,1042.5,5.7
2023-02-05T19:00,4.8,84,0.0,0.0,3,1042.3,3.7
2023-02-05T20:00,1.5,97,0.0,0.0,3,1042.1,6.6
2023-02-05T21:00,0.7,99,0.0,0.0,3,1041.6,6.5
2023-02-05T22:00,0.9,99,0.0,0.0,3,1041.3,5.5
2023-02-05T23:00,1.9,98,0.0,0.0,3,1041.1,3.1
2023-02-06T00:00,-0.7,94,0.0,0.0,3,1041.2,5.2
2023-02-06T01:00,0.2,91,0.0,0.0,1,1040.8,3.5
2023-02-06T02:00,0.0,93,0.0,0.0,2,1040.3,5.0
2023-02-06T03:00,-0.1,97,0.0,0.0,2,1040.0,7.4
2023-02-06T04:00,0.6,96,0.0,0.0,1,1039.1,8.9
2023-02-06T05:00,1.7,93,0.0,0.0,2,1038.6,9.3
2023-02-06T06:00,2.3,91,0.0,0.0,0,1038.4,9.5
2023-02-06T07:00,2.9,89,0.0,0.0,0,1038.5,7.2
2023-02-06T08:00,4.2,85,0.0,0.0,0,1038.2,11.6
2023-02-06T09:00,5.4,86,0.0,0.0,0,1038.0,16.0
2023-02-06T10:00,6.8,84,0.0,0.0,0,1037.8,15.1
2023-02-06T11:00,8.1,75,0.0,0.0,0,1037.2,13.0
2023-02-06T12:00,8.6,72,0.0,0.0,0,1036.9,11.2
2023-02-06T13:00,9.1,68,0.0,0.0,3,1036.1,11.4
2023-02-06T14:00,9.5,65,0.0,0.0,3,1035.5,10.9
2023-02-06T15:00,9.8,65,0.0,0.0,1,1035.2,8.4
2023-02-06T16:00,9.3,72,0.0,0.0,3,1035.0,6.6
2023-02-06T17:00,7.3,78,0.0,0.0,3,1034.9,6.1
2023-02-06T18:00,6.2,82,0.0,0.0,2,1035.1,8.6
2023-02-06T19:00,5.3,86,0.0,0.0,1,1035.3,9.0
2023-02-06T20:00,5.4,85,0.0,0.0,3,1035.2,10.1
2023-02-06T21:00,6.2,82,0.0,0.0,3,1034.9,11.6
2023-02-06T22:00,6.5,81,0.0,0.0,2,1034.9,12.2
2023-02-06T23:00,6.1,82,0.0,0.0,2,1034.7,14.2
2023-02-07T00:00,6.1,83,0.0,0.0,3,1034.5,11.9
2023-02-07T01:00,6.0,84,0.0,0.0,3,1034.4,10.6
2023-02-07T02:00,6.1,84,0.0,0.0,3,1034.3,10.2
2023-02-07T03:00,6.2,84,0.0,0.0,3,1034.3,9.4
2023-02-07T04:00,6.1,84,0.0,0.0,3,1034.4,9.9
2023-02-07T05:00,6.2,84,0.0,0.0,3,1034.6,10.7
2023-02-07T06:00,6.1,85,0.0,0.0,2,1034.7,10.9
2023-02-07T07:00,5.9,86,0.0,0.0,3,1035.1,9.4
2023-02-07T08:00,5.5,86,0.0,0.0,3,1035.3,8.0
2023-02-07T09:00,5.7,87,0.0,0.0,0,1035.5,7.2
2023-02-07T10:00,7.8,80,0.0,0.0,1,1035.8,4.8
2023-02-07T11:00,9.0,80,0.0,0.0,1,1036.0,2.5
2023-02-07T12:00,10.2,78,0.0,0.0,2,1035.8,4.3
2023-02-07T13:00,10.5,76,0.0,0.0,3,1035.6,9.5
2023-02-07T14:00,10.7,76,0.0,0.0,1,1035.2,10.2
2023-02-07T15:00,10.6,77,0.0,0.0,2,1035.0,8.6
2023-02-07T16:00,10.3,80,0.0,0.0,3,1034.9,5.5
2023-02-07T17:00,8.7,85,0.0,0.0,3,1034.8,6.6
2023-02-07T18:00,8.1,85,0.0,0.0,3,1034.8,6.2
2023-02-07T19:00,7.4,88,0.0,0.0,3,1035.1,7.2
2023-02-07T20:00,6.3,91,0.0,0.0,3,1035.1,7.9
2023-02-07T21:00,6.1,91,0.0,0.0,3,1035.1,8.4
2023-02-07T22:00,5.7,92,0.0,0.0,3,1034.4,7.1
2023-02-07T23:00,5.7,92,0.0,0.0,3,1033.8,6.3
2023-02-08T00:00,4.2,95,0.0,0.0,3,1033.5,8.3
2023-02-08T01:00,5.2,92,0.0,0.0,2,1033.0,8.7
2023-02-08T02:00,5.7,89,0.0,0.0,3,1032.0,8.9
2023-02-08T03:00,5.7,88,0.0,0.0,3,1031.2,10.1
2023-02-08T04:00,5.1,87,0.0,0.0,0,1030.7,10.3
2023-02-08T05:00,4.3,88,0.0,0.0,2,1030.9,7.4
2023-02-08T06:00,1.9,90,0.0,0.0,2,1030.1,10.1
2023-02-08T07:00,1.9,88,0.0,0.0,3,1029.4,9.3
2023-02-08T08:00,3.3,82,0.0,0.0,3,1029.7,6.7
2023-02-08T09:00,4.2,88,0.0,0.0,3,1029.0,6.7
2023-02-08T10:00,6.7,82,0.0,0.0,3,1028.1,12.0
2023-02-08T11:00,8.4,74,0.0,0.0,3,1027.2,10.8
2023-02-08T12:00,9.7,68,0.0,0.0,3,1025.9,13.1
2023-02-08T13:00,10.5,63,0.0,0.0,3,1024.9,16.8
2023-02-08T14:00,10.4,64,0.0,0.0,3,1023.9,22.1
2023-02-08T15:00,10.2,65,0.0,0.0,3,1023.1,23.4
2023-02-08T16:00,9.9,62,0.0,0.0,3,1023.4,23.7
2023-02-08T17:00,9.1,66,0.0,0.0,3,1023.6,22.8
2023-02-08T18:00,8.6,70,0.0,0.0,3,1023.6,22.9
2023-02-08T19:00,9.0,72,0.0,0.0,3,1023.6,22.1
2023-02-08T20:00,8.8,78,0.5,0.5,53,1024.3,22.6
2023-02-08T21:00,7.8,84,0.2,0.2,51,1025.5,21.3
2023-02-08T22:00,6.1,84,0.0,0.0,3,1026.7,17.2
2023-02-08T23:00,4.9,87,0.0,0.0,2,1027.6,17.4
2023-02-09T00:00,5.1,88,0.0,0.0,0,1027.0,15.9
2023-02-09T01:00,4.2,88,0.0,0.0,0,1027.9,15.0
2023-02-09T02:00,3.5,87,0.0,0.0,0,1028.1,15.1
2023-02-09T03:00,3.1,86,0.0,0.0,0,1028.5,17.3
2023-02-09T04:00,2.9,84,0.0,0.0,0,1028.5,18.0
2023-02-09T05:00,2.7,82,0.0,0.0,0,1029.0,18.4
2023-02-09T06:00,2.6,79,0.0,0.0,0,1029.3,17.7
2023-02-09T07:00,2.5,79,0.0,0.0,3,1030.0,17.7
2023-02-09T08:00,2.5,79,0.0,0.0,3,1030.9,16.3
2023-02-09T09:00,3.1,79,0.0,0.0,3,1031.6,17.0
2023-02-09T10:00,4.4,79,0.0,0.0,1,1032.0,15.5
2023-02-09T11:00,5.9,74,0.0,0.0,2,1032.6,16.4
2023-02-09T12:00,7.2,69,0.0,0.0,2,1032.3,17.7
2023-02-09T13:00,8.0,68,0.0,0.0,3,1031.9,19.5
2023-02-09T14:00,8.4,63,0.0,0.0,3,1031.8,21.1
2023-02-09T15:00,8.4,62,0.0,0.0,3,1031.9,20.6
2023-02-09T16:00,8.1,66,0.0,0.0,3,1032.1,14.4
2023-02-09T17:00,7.5,69,0.0,0.0,3,1032.4,12.3
2023-02-09T18:00,6.8,73,0.0,0.0,3,1033.0,9.8
2023-02-09T19:00,6.3,76,0.0,0.0,3,1033.4,8.0
2023-02-09T20:00,5.6,78,0.0,0.0,3,1033.6,9.4
2023-02-09T21:00,4.8,80,0.0,0.0,3,1033.9,10.5
2023-02-09T22:00,5.0,79,0.0,0.0,3,1034.2,12.2
2023-02-09T23:00,4.8,79,0.0,0.0,3,1034.1,11.8
2023-02-10T00:00,4.5,80,0.0,0.0,3,1033.4,9.6
2023-02-10T01:00,4.3,79,0.0,0.0,3,1032.9,6.7
2023-02-10T02:00,4.4,78,0.0,0.0,3,1032.3,6.3
2023-02-10T03:00,5.3,73,0.0,0.0,3,1031.7,8.2
2023-02-10T04:00,5.5,75,0.0,0.0,3,1031.1,6.4
2023-02-10T05:00,6.3,77,0.0,0.0,3,1030.8,7.1
2023-02-10T06:00,7.1,80,0.0,0.0,3,1030.6,9.7
2023-02-10T07:00,7.7,82,0.0,0.0,3,1030.4,15.6
2023-02-10T08:00,7.9,85,0.0,0.0,3,1030.7,19.3
2023-02-10T09:00,8.3,87,0.0,0.0,3,1031.3,21.5
2023-02-10T10:00,8.9,86,0.0,0.0,3,1031.7,21.1
2023-02-10T11:00,10.0,83,0.0,0.0,3,1031.5,22.0
2023-02-10T12:00,10.9,85,0.0,0.0,3,1031.0,25.2
2023-02-10T13:00,11.1,84,0.0,0.0,3,1030.6,26.2
2023-02-10T14:00,11.3,82,0.0,0.0,3,1030.6,28.5
2023-02-10T15:00,11.3,83,0.0,0.0,3,1030.7,23.1
2023-02-10T16:00,11.2,80,0.0,0.0,3,1030.9,23.1
2023-02-10T17:00,11.0,76,0.0,0.0,3,1031.0,22.6
2023-02-10T18:00,10.5,76,0.0,0.0,3,1031.7,21.6
2023-02-10T19:00,10.3,77,0.0,0.0,3,1032.1,19.8
2023-02-10T20:00,9.9,77,0.0,0.0,3,1032.6,18.7
2023-02-10T21:00,9.5,79,0.0,0.0,3,1032.7,17.5
2023-02-10T22:00,9.2,80,0.0,0.0,3,1033.0,16.1
2023-02-10T23:00,8.8,82,0.0,0.0,3,1033.2,14.5
2023-02-11T00:00,8.8,83,0.0,0.0,3,1033.4,15.1
2023-02-11T01:00,8.5,85,0.0,0.0,3,1033.4,10.5
2023-02-11T02:00,8.5,85,0.0,0.0,3,1033.1,9.2
2023-02-11T03:00,8.5,85,0.0,0.0,3,1032.8,9.0
2023-02-11T04:00,8.3,85,0.0,0.0,3,1032.8,10.3
2023-02-11T05:00,8.2,86,0.0,0.0,3,1033.0,10.3
2023-02-11T06:00,8.1,86,0.0,0.0,3,1033.2,9.8
2023-02-11T07:00,8.2,85,0.0,0.0,3,1033.2,10.8
2023-02-11T08:00,8.2,85,0.0,0.0,3,1033.5,10.8
2023-02-11T09:00,8.6,85,0.0,0.0,2,1034.0,10.9
2023-02-11T10:00,9.1,84,0.0,0.0,3,1034.4,12.6
2023-02-11T11:00,9.6,82,0.0,0.0,3,1034.5,13.1
2023-02-11T12:00,10.8,71,0.0,0.0,3,1034.4,8.5
2023-02-11T13:00,11.3,64,0.0,0.0,3,1033.9,9.4
2023-02-11T14:00,11.3,61,0.0,0.0,2,1033.6,9.2
2023-02-11T15:00,11.1,59,0.0,0.0,2,1033.4,9.9
2023-02-11T16:00,10.7,67,0.0,0.0,2,1033.3,8.9
2023-02-11T17:00,9.9,72,0.0,0.0,3,1033.4,6.1
2023-02-11T18:00,9.0,78,0.0,0.0,3,1033.8,4.2
2023-02-11T19:00,8.6,80,0.0,0.0,1,1034.0,6.5
2023-02-11T20:00,7.6,86,0.0,0.0,2,1034.2,7.3
2023-02-11T21:00,7.1,86,0.0,0.0,2,1034.1,8.2
2023-02-11T22:00,7.3,82,0.0,0.0,2,1034.5,8.6
2023-02-11T23:00,6.6,83,0.0,0.0,2,1034.6,6.5
2023-02-12T00:00,5.9,88,0.0,0.0,2,1034.7,5.2
2023-02-12T01:00,5.9,89,0.0,0.0,1,1034.6,8.0
2023-02-12T02:00,6.5,86,0.0,0.0,2,1034.2,9.4
2023-02-12T03:00,6.9,87,0.0,0.0,2,1034.1,11.3
2023-02-12T04:00,7.1,91,0.0,0.0,2,1033.8,12.1
2023-02-12T05:00,7.1,92,0.0,0.0,2,1033.7,13.6
2023-02-12T06:00,7.3,92,0.0,0.0,3,1033.8,14.6
2023-02-12T07:00,7.5,90,0.0,0.0,3,1033.7,14.6
2023-02-12T08:00,7.5,89,0.0,0.0,3,1033.7,12.6
2023-02-12T09:00,7.8,88,0.0,0.0,3,1033.8,12.3
2023-02-12T10:00,8.5,85,0.0,0.0,2,1033.6,13.0
2023-02-12T11:00,9.3,80,0.0,0.0,3,1033.2,17.1
2023-02-12T12:00,9.2,73,0.0,0.0,2,1033.2,21.3
2023-02-12T13:00,9.3,73,0.0,0.0,3,1032.4,21.5
2023-02-12T14:00,9.5,71,0.0,0.0,3,1032.0,19.5
2023-02-12T15:00,9.4,73,0.0,0.0,3,1031.8,17.3
2023-02-12T16:00,8.9,76,0.0,0.0,3,1031.5,16.1
2023-02-12T17:00,8.2,81,0.0,0.0,3,1031.4,17.1
2023-02-12T18:00,7.6,83,0.0,0.0,3,1031.4,17.1
2023-02-12T19:00,7.5,83,0.0,0.0,2,1031.2,15.8
2023-02-12T20:00,7.2,83,0.0,0.0,0,1030.7,14.3
2023-02-12T21:00,6.7,88,0.0,0.0,0,1030.4,14.3
2023-02-12T22:00,6.8,89,0.0,0.0,1,1030.3,16.2
2023-02-12T23:00,6.9,90,0.0,0.0,0,1029.9,18.2
2023-02-13T00:00,7.1,88,0.0,0.0,1,1029.7,18.7
2023-02-13T01:00,6.8,90,0.0,0.0,1,1029.5,15.5
2023-02-13T02:00,6.6,91,0.0,0.0,3,1029.5,11.9
2023-02-13T03:00,6.6,90,0.0,0.0,3,1029.2,8.0
2023-02-13T04:00,6.6,91,0.0,0.0,3,1028.8,7.3
2023-02-13T05:00,7.0,90,0.0,0.0,3,1028.7,9.1
2023-02-13T06:00,6.8,89,0.0,0.0,0,1028.3,10.8
2023-02-13T07:00,6.6,89,0.0,0.0,1,1028.0,13.1
2023-02-13T08:00,6.7,90,0.0,0.0,2,1028.0,11.9
2023-02-13T09:00,7.4,89,0.0,0.0,3,1028.1,12.6
2023-02-13T10:00,8.6,83,0.0,0.0,3,1027.9,19.5
2023-02-13T11:00,9.3,80,0.0,0.0,3,1028.1,19.1
2023-02-13T12:00,9.2,77,0.0,0.0,3,1028.1,21.0
2023-02-13T13:00,9.9,71,0.0,0.0,2,1027.4,21.0
2023-02-13T14:00,10.4,68,0.0,0.0,2,1026.8,20.1
2023-02-13T15:00,10.3,69,0.0,0.0,1,1026.5,19.4
2023-02-13T16:00,9.8,72,0.0,0.0,2,1026.1,17.9
2023-02-13T17:00,9.0,75,0.0,0.0,1,1026.0,17.1
2023-02-13T18:00,8.2,81,0.0,0.0,1,1026.1,17.7
2023-02-13T19:00,8.0,81,0.0,0.0,0,1026.2,18.0
2023-02-13T20:00,7.8,80,0.0,0.0,2,1026.2,17.1
2023-02-13T21:00,8.2,78,0.0,0.0,2,1025.7,18.1
2023-02-13T22:00,8.0,81,0.0,0.0,2,1025.3,20.4
2023-02-13T23:00,7.7,83,0.0,0.0,1,1025.2,17.9
2023-02-14T00:00,8.0,85,0.0,0.0,1,1024.9,18.7
2023-02-14T01:00,7.4,88,0.0,0.0,0,1024.6,17.0
2023-02-14T02:00,7.3,90,0.0,0.0,2,1024.2,18.0
2023-02-14T03:00,7.6,90,0.0,0.0,2,1023.7,20.4
2023-02-14T04:00,8.1,88,0.0,0.0,3,1023.0,21.3
2023-02-14T05:00,8.7,86,0.0,0.0,3,1022.6,23.0
2023-02-14T06:00,9.3,84,0.0,0.0,3,1022.4,24.5
2023-02-14T07:00,9.5,84,0.0,0.0,3,1022.2,26.6
2023-02-14T08:00,9.8,84,0.0,0.0,3,1022.5,26.5
2023-02-14T09:00,10.2,84,0.0,0.0,3,1022.5,24.6
2023-02-14T10:00,10.8,83,0.0,0.0,3,1022.6,23.3
2023-02-14T11:00,12.1,76,0.0,0.0,3,1023.0,22.8
2023-02-14T12:00,12.7,80,0.0,0.0,3,1022.7,22.8
2023-02-14T13:00,12.5,78,0.0,0.0,3,1022.1,24.4
2023-02-14T14:00,12.8,78,0.0,0.0,3,1021.4,25.7
2023-02-14T15:00,12.2,75,0.0,0.0,3,1020.9,29.3
2023-02-14T16:00,11.9,73,0.0,0.0,3,1020.8,29.2
2023-02-14T17:00,11.0,75,0.0,0.0,3,1020.7,25.4
2023-02-14T18:00,10.1,76,0.0,0.0,1,1020.5,25.2
2023-02-14T19:00,9.7,72,0.0,0.0,3,1020.4,26.1
2023-02-14T20:00,9.7,67,0.0,0.0,3,1020.3,25.8
2023-02-14T21:00,9.6,65,0.0,0.0,3,1019.9,27.2
2023-02-14T22:00,9.4,65,0.0,0.0,3,1019.4,28.5
2023-02-14T23:00,9.3,67,0.0,0.0,3,1018.8,29.6
2023-02-15T00:00,8.9,70,0.0,0.0,3,1017.9,30.9
2023-02-15T01:00,8.6,74,0.0,0.0,3,1017.1,29.3
2023-02-15T02:00,8.7,77,0.0,0.0,3,1016.2,26.8
2023-02-15T03:00,8.7,81,0.0,0.0,3,1015.0,26.0
2023-02-15T04:00,8.8,84,0.0,0.0,3,1014.2,24.2
2023-02-15T05:00,9.2,84,0.0,0.0,3,1014.0,20.9
2023-02-15T06:00,9.3,87,1.0,1.0,55,1014.1,14.4
2023-02-15T07:00,8.5,88,1.2,1.2,55,1014.9,19.5
2023-02-15T08:00,7.4,85,0.5,0.5,53,1015.1,14.8
2023-02-15T09:00,7.5,84,0.0,0.0,0,1015.2,15.1
2023-02-15T10:00,8.5,80,0.0,0.0,3,1015.6,21.7
2023-02-15T11:00,9.5,77,0.0,0.0,3,1016.0,22.5
2023-02-15T12:00,9.9,72,0.0,0.0,3,1016.4,22.2
2023-02-15T13:00,10.1,65,0.0,0.0,3,1016.4,19.1
2023-02-15T14:00,10.4,62,0.0,0.0,3,1016.0,17.1
2023-02-15T15:00,10.7,61,0.0,0.0,3,1015.9,19.0
2023-02-15T16:00,10.2,63,0.0,0.0,3,1015.5,14.0
2023-02-15T17:00,9.6,65,0.0,0.0,3,1015.0,11.1
2023-02-15T18:00,9.1,67,0.0,0.0,3,1014.8,11.8
2023-02-15T19:00,9.0,67,0.0,0.0,3,1014.6,10.5
2023-02-15T20:00,8.7,74,0.6,0.6,53,1014.7,13.0
2023-02-15T21:00,8.0,82,1.6,1.6,61,1014.5,11.9
2023-02-15T22:00,7.6,87,1.1,1.1,55,1014.0,15.3
2023-02-15T23:00,7.4,89,0.4,0.4,51,1012.7,18.7
2023-02-16T00:00,8.4,91,2.0,2.0,61,1011.4,16.5
2023-02-16T01:00,9.4,88,0.0,0.0,3,1010.5,14.5
2023-02-16T02:00,10.3,88,0.0,0.0,3,1010.0,15.0
2023-02-16T03:00,10.7,90,0.0,0.0,3,1009.9,15.2
2023-02-16T04:00,10.9,90,0.0,0.0,3,1010.2,16.6
2023-02-16T05:00,10.9,92,0.0,0.0,3,1011.0,18.6
2023-02-16T06:00,10.8,93,0.0,0.0,3,1011.5,18.3
2023-02-16T07:00,10.6,94,0.0,0.0,3,1012.0,17.6
2023-02-16T08:00,10.4,95,0.0,0.0,3,1012.8,15.6
2023-02-16T09:00,10.3,95,0.0,0.0,3,1013.8,16.2
2023-02-16T10:00,10.0,89,0.0,0.0,3,1014.9,19.8
2023-02-16T11:00,9.7,88,0.0,0.0,3,1015.0,19.5
2023-02-16T12:00,9.4,91,0.0,0.0,3,1014.7,20.5
2023-02-16T13:00,10.6,85,0.0,0.0,3,1014.4,21.2
2023-02-16T14:00,11.4,81,0.0,0.0,3,1013.7,19.8
2023-02-16T15:00,12.0,81,0.0,0.0,3,1013.1,17.3
2023-02-16T16:00,12.5,81,0.2,0.2,51,1012.6,22.7
2023-02-16T17:00,12.8,83,0.1,0.1,51,1012.2,26.3
2023-02-16T18:00,13.3,85,0.1,0.1,51,1012.5,29.4
2023-02-16T19:00,13.3,87,0.1,0.1,51,1013.0,29.6
2023-02-16T20:00,13.2,87,0.0,0.0,3,1013.4,28.6
2023-02-16T21:00,12.7,88,0.0,0.0,3,1013.5,29.7
2023-02-16T22:00,12.3,89,0.0,0.0,3,1013.5,30.2
2023-02-16T23:00,12.1,88,0.0,0.0,3,1013.1,30.2
2023-02-17T00:00,12.2,85,0.0,0.0,3,1012.6,33.3
2023-02-17T01:00,12.4,85,0.0,0.0,3,1012.4,35.6
2023-02-17T02:00,12.7,83,0.0,0.0,3,1011.7,39.0
2023-02-17T03:00,12.9,83,0.0,0.0,3,1011.0,40.7
2023-02-17T04:00,12.8,84,0.0,0.0,3,1010.9,42.5
2023-02-17T05:00,12.8,83,0.1,0.1,51,1011.2,43.2
2023-02-17T06:00,12.6,85,0.0,0.0,3,1012.1,41.8
2023-02-17T07:00,12.2,81,0.0,0.0,3,1013.3,40.7
2023-02-17T08:00,11.4,81,0.0,0.0,3,1014.6,34.6
2023-02-17T09:00,11.5,81,0.0,0.0,3,1016.2,27.8
2023-02-17T10:00,11.5,83,0.1,0.1,51,1018.4,19.6
2023-02-17T11:00,11.5,82,0.1,0.1,51,1019.3,15.6
2023-02-17T12:00,11.9,81,0.0,0.0,3,1019.5,15.1
2023-02-17T13:00,11.8,83,0.0,0.0,3,1019.2,16.2
2023-02-17T14:00,11.9,84,0.0,0.0,3,1018.8,17.5
2023-02-17T15:00,12.2,84,0.0,0.0,3,1018.3,14.6
2023-02-17T16:00,12.6,82,0.0,0.0,3,1017.8,11.1
2023-02-17T17:00,12.1,83,0.1,0.1,51,1017.3,8.4
2023-02-17T18:00,12.0,85,0.1,0.1,51,1017.0,10.7
2023-02-17T19:00,12.5,87,0.1,0.1,51,1016.9,22.1
2023-02-17T20:00,12.2,87,0.0,0.0,3,1016.8,24.6
2023-02-17T21:00,11.4,86,0.0,0.0,3,1016.7,25.0
2023-02-17T22:00,11.0,84,0.0,0.0,3,1016.0,24.7
2023-02-17T23:00,11.4,83,0.1,0.1,51,1015.6,26.4
2023-02-18T00:00,11.9,82,0.2,0.2,51,1014.7,29.1
2023-02-18T01:00,12.1,82,0.0,0.0,3,1014.2,34.3
2023-02-18T02:00,12.3,84,0.0,0.0,3,1014.1,36.6
2023-02-18T03:00,12.4,84,0.0,0.0,3,1014.2,34.8
2023-02-18T04:00,11.8,89,0.1,0.1,51,1014.4,32.6
2023-02-18T05:00,11.0,86,0.0,0.0,3,1014.3,35.5
2023-02-18T06:00,10.4,87,0.0,0.0,3,1014.5,33.0
2023-02-18T07:00,10.6,84,0.0,0.0,3,1014.7,32.8
2023-02-18T08:00,10.1,83,0.0,0.0,3,1015.6,29.2
2023-02-18T09:00,10.4,83,0.0,0.0,3,1016.5,24.1
2023-02-18T10:00,10.9,82,0.0,0.0,3,1017.2,20.6
2023-02-18T11:00,11.1,80,0.0,0.0,3,1017.2,21.7
2023-02-18T12:00,11.4,79,0.0,0.0,3,1017.2,24.0
2023-02-18T13:00,11.9,75,0.0,0.0,3,1016.9,29.1
2023-02-18T14:00,11.3,81,0.0,0.0,3,1016.4,25.6
2023-02-18T15:00,11.5,81,0.0,0.0,2,1016.0,31.2
2023-02-18T16:00,11.7,78,0.0,0.0,3,1015.9,35.1
2023-02-18T17:00,10.9,77,0.0,0.0,1,1016.7,33.5
2023-02-18T18:00,10.4,78,0.0,0.0,3,1017.1,30.6
2023-02-18T19:00,10.3,79,0.0,0.0,2,1018.0,31.0
2023-02-18T20:00,9.9,78,0.0,0.0,2,1019.0,31.8
2023-02-18T21:00,9.4,79,0.0,0.0,3,1020.1,30.6
2023-02-18T22:00,9.2,79,0.0,0.0,3,1021.1,26.4
2023-02-18T23:00,9.1,80,0.0,0.0,3,1021.8,23.8
2023-02-19T00:00,8.5,82,0.0,0.0,3,1023.3,22.4
2023-02-19T01:00,8.7,81,0.0,0.0,3,1024.0,20.5
2023-02-19T02:00,8.5,83,0.0,0.0,3,1024.1,21.3
2023-02-19T03:00,7.7,87,0.0,0.0,3,1024.6,21.2
2023-02-19T04:00,7.2,91,0.0,0.0,3,1024.8,20.9
2023-02-19T05:00,6.8,94,0.0,0.0,3,1024.7,16.6
2023-02-19T06:00,7.0,94,0.0,0.0,3,1024.8,16.9
2023-02-19T07:00,7.3,92,0.0,0.0,3,1024.4,17.6
2023-02-19T08:00,7.4,91,0.0,0.0,3,1024.9,18.7
2023-02-19T09:00,7.8,91,0.0,0.0,3,1025.2,20.5
2023-02-19T10:00,8.7,87,0.0,0.0,3,1025.0,22.1
2023-02-19T11:00,9.7,82,0.0,0.0,3,1025.4,20.8
2023-02-19T12:00,9.9,80,0.1,0.1,51,1024.8,24.8
2023-02-19T13:00,10.2,78,0.0,0.0,3,1023.8,25.6
2023-02-19T14:00,10.9,73,0.0,0.0,2,1022.9,25.8
2023-02-19T15:00,11.8,68,0.0,0.0,2,1022.4,25.9
2023-02-19T16:00,12.4,68,0.0,0.0,3,1021.7,24.5
2023-02-19T17:00,12.2,70,0.0,0.0,3,1021.2,20.9
2023-02-19T18:00,11.6,74,0.0,0.0,1,1021.1,20.3
2023-02-19T19:00,11.6,77,0.0,0.0,3,1021.1,20.5
2023-02-19T20:00,11.7,79,0.0,0.0,3,1020.9,23.4
2023-02-19T21:00,11.5,82,0.0,0.0,3,1020.7,25.3
2023-02-19T22:00,11.3,83,0.0,0.0,3,1020.8,26.1
2023-02-19T23:00,10.9,84,0.0,0.0,3,1020.5,27.1
2023-02-20T00:00,11.2,85,0.0,0.0,3,1019.8,27.2
2023-02-20T01:00,11.0,86,0.0,0.0,3,1019.5,28.0
2023-02-20T02:00,11.1,85,0.0,0.0,3,1019.2,28.2
2023-02-20T03:00,11.1,85,0.0,0.0,3,1019.0,28.8
2023-02-20T04:00,11.2,84,0.0,0.0,3,1018.7,29.8
2023-02-20T05:00,11.2,83,0.0,0.0,3,1018.6,27.9
2023-02-20T06:00,11.1,83,0.0,0.0,3,1018.6,26.7
2023-02-20T07:00,11.0,83,0.0,0.0,3,1018.6,26.1
2023-02-20T08:00,10.8,85,0.0,0.0,3,1019.0,24.8
2023-02-20T09:00,11.2,83,0.0,0.0,0,1019.1,26.0
2023-02-20T10:00,12.0,81,0.0,0.0,1,1019.1,29.8
2023-02-20T11:00,12.6,79,0.0,0.0,3,1019.0,33.4
2023-02-20T12:00,12.0,82,0.0,0.0,3,1018.3,28.7
2023-02-20T13:00,12.3,80,0.0,0.0,3,1018.0,29.4
2023-02-20T14:00,12.6,79,0.0,0.0,3,1017.7,28.1
2023-02-20T15:00,12.6,79,0.0,0.0,3,1017.4,27.2
2023-02-20T16:00,12.5,79,0.0,0.0,3,1017.2,23.0
2023-02-20T17:00,12.2,79,0.0,0.0,3,1017.5,19.0
2023-02-20T18:00,11.7,80,0.0,0.0,3,1017.6,16.9
2023-02-20T19:00,11.6,81,0.0,0.0,3,1017.8,15.7
2023-02-20T20:00,11.4,81,0.0,0.0,3,1017.6,16.9
2023-02-20T21:00,11.1,83,0.0,0.0,3,1017.5,13.3
2023-02-20T22:00,11.0,83,0.0,0.0,3,1017.6,11.8
2023-02-20T23:00,10.6,83,0.0,0.0,3,1017.4,9.4
2023-02-21T00:00,10.0,88,0.0,0.0,3,1017.1,8.8
2023-02-21T01:00,9.8,89,0.0,0.0,3,1016.7,9.0
2023-02-21T02:00,9.8,87,0.0,0.0,3,1016.2,9.3
2023-02-21T03:00,9.8,87,0.0,0.0,3,1015.9,9.8
2023-02-21T04:00,9.5,87,0.0,0.0,3,1015.4,10.3
2023-02-21T05:00,9.2,88,0.0,0.0,3,1014.8,8.7
2023-02-21T06:00,8.5,91,0.0,0.0,2,1014.6,8.6
2023-02-21T07:00,8.4,91,0.0,0.0,3,1014.3,8.4
2023-02-21T08:00,8.2,90,0.0,0.0,3,1014.3,8.4
2023-02-21T09:00,8.9,85,0.0,0.0,3,1014.0,12.6
2023-02-21T10:00,9.6,83,0.0,0.0,3,1013.7,14.1
2023-02-21T11:00,10.7,77,0.0,0.0,3,1013.3,14.8
2023-02-21T12:00,11.3,79,0.1,0.1,51,1012.4,12.5
2023-02-21T13:00,12.2,76,0.0,0.0,3,1011.7,15.5
2023-02-21T14:00,12.2,77,0.0,0.0,3,1010.8,14.0
2023-02-21T15:00,11.9,78,0.0,0.0,1,1010.0,13.5
2023-02-21T16:00,11.7,78,0.0,0.0,1,1009.5,14.3
2023-02-21T17:00,10.8,82,0.0,0.0,3,1009.0,11.6
2023-02-21T18:00,9.8,84,0.0,0.0,3,1008.9,9.4
2023-02-21T19:00,9.5,85,0.0,0.0,3,1008.8,10.7
2023-02-21T20:00,9.4,85,0.0,0.0,3,1008.6,12.1
2023-02-21T21:00,9.5,82,0.0,0.0,3,1007.7,10.5
2023-02-21T22:00,9.4,82,0.0,0.0,3,1007.2,12.2
2023-02-21T23:00,9.4,84,0.2,0.2,51,1007.0,15.8
2023-02-22T00:00,8.5,89,0.6,0.6,53,1007.3,19.0
2023-02-22T01:00,7.6,91,1.3,1.3,61,1008.1,21.8
2023-02-22T02:00,6.8,90,0.7,0.7,53,1008.7,22.0
2023-02-22T03:00,6.2,89,0.3,0.3,51,1009.0,23.8
2023-02-22T04:00,5.7,87,0.2,0.2,51,1009.3,24.6
2023-02-22T05:00,5.2,88,0.0,0.0,0,1009.7,23.0
2023-02-22T06:00,4.3,89,0.0,0.0,0,1010.4,23.7
2023-02-22T07:00,3.8,89,0.0,0.0,0,1011.2,22.3
2023-02-22T08:00,3.5,90,0.0,0.0,0,1011.8,21.6
2023-02-22T09:00,4.2,87,0.0,0.0,0,1012.3,22.5
2023-02-22T10:00,5.4,79,0.0,0.0,0,1012.8,21.4
2023-02-22T11:00,6.2,74,0.0,0.0,0,1013.2,20.7
2023-02-22T12:00,6.7,73,0.0,0.0,2,1013.8,18.0
2023-02-22T13:00,7.4,64,0.0,0.0,3,1014.2,18.6
2023-02-22T14:00,7.6,59,0.0,0.0,3,1014.6,19.0
2023-02-22T15:00,7.8,62,0.2,0.2,51,1014.7,13.8
2023-02-22T16:00,7.8,62,0.1,0.1,51,1015.1,18.4
2023-02-22T17:00,7.2,68,0.0,0.0,1,1016.0,19.7
2023-02-22T18:00,6.4,70,0.0,0.0,1,1016.9,22.1
2023-02-22T19:00,5.9,73,0.1,0.1,51,1017.8,23.2
2023-02-22T20:00,5.6,75,0.0,0.0,1,1018.5,24.2
2023-02-22T21:00,5.4,73,0.0,0.0,1,1019.0,24.9
2023-02-22T22:00,5.6,72,0.0,0.0,1,1019.6,25.7
2023-02-22T23:00,5.4,74,0.0,0.0,1,1020.2,25.1
2023-02-23T00:00,5.4,76,0.0,0.0,0,1020.9,24.0
2023-02-23T01:00,5.1,76,0.0,0.0,0,1021.6,22.8
2023-02-23T02:00,4.7,75,0.0,0.0,0,1022.0,21.0
2023-02-23T03:00,4.4,76,0.0,0.0,0,1022.5,19.2
2023-02-23T04:00,4.0,78,0.0,0.0,0,1022.9,18.8
2023-02-23T05:00,3.7,78,0.0,0.0,0,1023.3,17.4
2023-02-23T06:00,3.5,80,0.0,0.0,3,1023.1,14.2
2023-02-23T07:00,2.7,84,0.0,0.0,1,1023.2,13.0
2023-02-23T08:00,2.2,84,0.0,0.0,0,1023.8,14.6
2023-02-23T09:00,3.4,81,0.0,0.0,0,1024.5,13.9
2023-02-23T10:00,5.1,76,0.0,0.0,0,1024.5,9.7
2023-02-23T11:00,6.5,69,0.0,0.0,0,1024.4,11.2
2023-02-23T12:00,7.7,66,0.0,0.0,1,1024.4,9.4
2023-02-23T13:00,8.6,61,0.0,0.0,2,1023.7,9.4
2023-02-23T14:00,8.9,60,0.0,0.0,3,1023.2,13.0
2023-02-23T15:00,9.1,63,0.0,0.0,3,1022.7,12.6
2023-02-23T16:00,9.0,66,0.0,0.0,3,1022.2,11.4
2023-02-23T17:00,8.7,72,0.0,0.0,3,1022.2,8.9
2023-02-23T18:00,8.2,74,0.0,0.0,3,1022.1,12.3
2023-02-23T19:00,7.6,79,0.0,0.0,3,1021.9,15.1
2023-02-23T20:00,7.0,84,0.0,0.0,3,1021.6,14.4
2023-02-23T21:00,6.5,88,0.0,0.0,3,1021.2,14.1
2023-02-23T22:00,6.4,89,0.0,0.0,3,1021.1,14.8
2023-02-23T23:00,6.4,90,0.0,0.0,3,1020.6,15.9
2023-02-24T00:00,6.0,89,0.0,0.0,3,1020.2,16.6
2023-02-24T01:00,6.3,88,0.0,0.0,3,1019.7,17.5
2023-02-24T02:00,6.3,88,0.0,0.0,3,1019.1,17.7
2023-02-24T03:00,6.2,89,0.0,0.0,3,1018.5,18.4
2023-02-24T04:00,6.0,90,0.0,0.0,3,1018.0,18.7
2023-02-24T05:00,5.8,91,0.0,0.0,3,1017.6,19.4
2023-02-24T06:00,5.8,91,0.0,0.0,3,1017.2,18.2
2023-02-24T07:00,6.4,87,0.0,0.0,3,1016.9,18.1
2023-02-24T08:00,6.9,85,0.0,0.0,3,1016.9,19.7
2023-02-24T09:00,7.5,84,0.0,0.0,3,1017.0,18.0
2023-02-24T10:00,8.7,81,0.0,0.0,3,1016.6,16.4
2023-02-24T11:00,9.6,79,0.0,0.0,3,1016.3,17.8
2023-02-24T12:00,9.9,76,0.1,0.1,51,1016.1,22.9
2023-02-24T13:00,10.2,75,0.0,0.0,3,1015.6,18.8
2023-02-24T14:00,10.9,72,0.0,0.0,3,1015.1,23.6
2023-02-24T15:00,11.1,69,0.0,0.0,2,1014.6,23.9
2023-02-24T16:00,10.5,69,0.0,0.0,1,1014.7,25.5
2023-02-24T17:00,9.8,71,0.0,0.0,1,1015.2,19.9
2023-02-24T18:00,8.5,73,0.0,0.0,2,1015.6,16.4
2023-02-24T19:00,7.4,77,0.0,0.0,1,1016.1,14.1
2023-02-24T20:00,6.9,79,0.0,0.0,1,1016.5,13.4
2023-02-24T21:00,6.8,81,0.0,0.0,1,1016.9,14.8
2023-02-24T22:00,6.6,83,0.0,0.0,1,1017.5,13.8
2023-02-24T23:00,6.3,84,0.0,0.0,0,1017.6,13.1
2023-02-25T00:00,6.4,88,0.0,0.0,1,1018.0,12.8
2023-02-25T01:00,6.2,90,0.0,0.0,1,1018.2,10.5
2023-02-25T02:00,5.4,90,0.0,0.0,1,1018.3,6.6
2023-02-25T03:00,4.3,91,0.0,0.0,1,1018.5,7.8
2023-02-25T04:00,4.2,89,0.0,0.0,1,1018.7,6.8
2023-02-25T05:00,4.8,85,0.0,0.0,2,1019.1,7.4
2023-02-25T06:00,5.3,83,0.0,0.0,3,1019.3,9.0
2023-02-25T07:00,5.6,82,0.0,0.0,3,1019.5,10.4
2023-02-25T08:00,6.0,78,0.0,0.0,3,1019.9,12.0
2023-02-25T09:00,6.4,73,0.0,0.0,1,1020.5,15.3
2023-02-25T10:00,6.5,66,0.0,0.0,2,1020.9,18.4
2023-02-25T11:00,6.5,65,0.0,0.0,3,1021.2,19.2
2023-02-25T12:00,6.3,63,0.0,0.0,2,1021.9,18.2
2023-02-25T13:00,6.4,62,0.0,0.0,2,1021.8,18.2
2023-02-25T14:00,6.3,62,0.0,0.0,3,1021.7,19.6
2023-02-25T15:00,5.9,62,0.0,0.0,3,1021.8,19.6
2023-02-25T16:00,5.9,59,0.0,0.0,3,1021.9,20.4
2023-02-25T17:00,5.9,63,0.0,0.0,3,1022.4,19.5
2023-02-25T18:00,5.8,65,0.0,0.0,3,1022.5,18.7
2023-02-25T19:00,6.1,65,0.0,0.0,3,1023.0,20.7
2023-02-25T20:00,6.3,65,0.0,0.0,3,1023.4,21.0
2023-02-25T21:00,6.3,66,0.0,0.0,3,1023.9,19.6
2023-02-25T22:00,6.4,67,0.0,0.0,3,1024.5,18.4
2023-02-25T23:00,6.5,65,0.0,0.0,3,1024.6,17.7
2023-02-26T00:00,6.3,66,0.0,0.0,3,1025.4,18.1
2023-02-26T01:00,6.3,67,0.0,0.0,3,1025.7,17.0
2023-02-26T02:00,6.0,67,0.0,0.0,3,1026.0,17.3
2023-02-26T03:00,5.9,67,0.0,0.0,3,1026.2,15.9
2023-02-26T04:00,5.8,66,0.0,0.0,2,1026.4,15.8
2023-02-26T05:00,5.7,66,0.0,0.0,3,1027.0,17.0
2023-02-26T06:00,5.7,67,0.0,0.0,3,1027.4,17.8
2023-02-26T07:00,5.8,68,0.0,0.0,3,1028.1,18.2
2023-02-26T08:00,6.0,67,0.0,0.0,3,1028.8,18.8
2023-02-26T09:00,6.5,66,0.0,0.0,3,1029.5,19.5
2023-02-26T10:00,7.0,62,0.0,0.0,3,1029.9,22.0
2023-02-26T11:00,7.0,63,0.0,0.0,3,1030.4,21.0
2023-02-26T12:00,7.2,67,0.0,0.0,3,1031.0,19.1
2023-02-26T13:00,7.4,65,0.0,0.0,3,1030.9,18.4
2023-02-26T14:00,7.3,65,0.0,0.0,3,1030.9,18.7
2023-02-26T15:00,7.3,65,0.0,0.0,3,1031.0,18.4
2023-02-26T16:00,7.0,65,0.0,0.0,3,1031.2,17.3
2023-02-26T17:00,6.9,67,0.0,0.0,3,1031.3,18.4
2023-02-26T18:00,6.6,70,0.0,0.0,3,1031.5,17.7
2023-02-26T19:00,6.7,70,0.0,0.0,3,1031.6,17.7
2023-02-26T20:00,6.7,71,0.0,0.0,3,1032.0,18.1
2023-02-26T21:00,6.8,72,0.0,0.0,3,1032.1,16.6
2023-02-26T22:00,7.0,73,0.0,0.0,3,1032.3,16.2
2023-02-26T23:00,7.0,74,0.0,0.0,3,1032.4,16.3
2023-02-27T00:00,7.1,69,0.0,0.0,3,1032.9,17.7
2023-02-27T01:00,6.9,69,0.0,0.0,3,1033.1,18.1
2023-02-27T02:00,6.7,70,0.0,0.0,3,1033.1,17.6
2023-02-27T03:00,6.7,71,0.0,0.0,3,1033.1,16.2
2023-02-27T04:00,6.6,71,0.0,0.0,3,1033.2,15.0
2023-02-27T05:00,6.5,71,0.0,0.0,3,1033.4,15.2
2023-02-27T06:00,6.4,72,0.0,0.0,3,1033.5,15.2
2023-02-27T07:00,6.2,72,0.0,0.0,3,1033.6,14.8
2023-02-27T08:00,6.2,73,0.0,0.0,3,1034.0,14.8
2023-02-27T09:00,6.6,72,0.0,0.0,3,1034.1,15.1
2023-02-27T10:00,6.9,68,0.0,0.0,3,1034.7,17.3
2023-02-27T11:00,7.1,70,0.1,0.1,51,1034.8,17.3
2023-02-27T12:00,6.7,72,0.1,0.1,51,1034.9,18.4
2023-02-27T13:00,6.6,75,0.0,0.0,3,1034.6,15.2
2023-02-27T14:00,7.0,71,0.0,0.0,3,1034.5,15.5
2023-02-27T15:00,7.1,67,0.0,0.0,3,1034.3,14.8
2023-02-27T16:00,6.8,66,0.0,0.0,3,1034.1,13.8
2023-02-27T17:00,6.7,70,0.0,0.0,3,1034.3,15.4
2023-02-27T18:00,6.4,74,0.0,0.0,3,1034.6,16.8
2023-02-27T19:00,6.5,74,0.0,0.0,3,1034.7,15.9
2023-02-27T20:00,6.7,74,0.0,0.0,3,1034.9,16.2
2023-02-27T21:00,6.8,75,0.0,0.0,3,1035.0,14.8
2023-02-27T22:00,6.9,77,0.0,0.0,3,1035.3,14.3
2023-02-27T23:00,6.5,84,0.0,0.0,3,1035.5,14.0
2023-02-28T00:00,6.7,78,0.1,0.1,51,1035.6,8.2
2023-02-28T01:00,6.7,82,0.0,0.0,3,1035.9,9.0
2023-02-28T02:00,6.4,87,0.2,0.2,51,1035.9,9.8
2023-02-28T03:00,6.6,86,0.1,0.1,51,1035.8,8.3
2023-02-28T04:00,6.4,86,0.1,0.1,51,1035.9,7.4
2023-02-28T05:00,6.2,87,0.1,0.1,51,1036.2,8.4
2023-02-28T06:00,5.9,89,0.2,0.2,51,1036.4,9.0
2023-02-28T07:00,6.2,86,0.1,0.1,51,1036.9,11.2
2023-02-28T08:00,6.4,84,0.0,0.0,2,1037.3,14.1
2023-02-28T09:00,7.0,82,0.0,0.0,2,1037.5,16.1
2023-02-28T10:00,7.3,75,0.0,0.0,3,1037.7,18.0
2023-02-28T11:00,7.2,76,0.0,0.0,3,1037.9,19.2
2023-02-28T12:00,6.7,73,0.1,0.1,51,1038.0,20.3
2023-02-28T13:00,6.7,74,0.0,0.0,3,1037.7,20.3
2023-02-28T14:00,6.7,75,0.1,0.1,51,1037.2,20.9
2023-02-28T15:00,6.9,74,0.0,0.0,3,1036.9,19.6
2023-02-28T16:00,6.9,68,0.0,0.0,3,1036.7,19.4
2023-02-28T17:00,6.6,69,0.0,0.0,3,1036.8,18.5
2023-02-28T18:00,6.3,73,0.0,0.0,3,1037.1,18.3
2023-02-28T19:00,6.2,76,0.0,0.0,3,1037.3,18.7
2023-02-28T20:00,6.2,76,0.0,0.0,3,1037.4,19.6
2023-02-28T21:00,6.1,79,0.0,0.0,3,1037.2,18.3
2023-02-28T22:00,6.6,82,0.1,0.1,51,1037.0,16.8
2023-02-28T23:00,7.0,79,0.0,0.0,3,1036.9,20.3
2023-03-01T00:00,7.1,75,0.0,0.0,2,1036.6,18.9
2023-03-01T01:00,6.7,76,0.0,0.0,3,1036.3,19.3
2023-03-01T02:00,6.8,77,0.0,0.0,3,1036.1,18.4
2023-03-01T03:00,6.7,82,0.0,0.0,3,1035.5,19.7
2023-03-01T04:00,6.8,79,0.0,0.0,3,1035.0,20.4
2023-03-01T05:00,6.5,79,0.0,0.0,3,1034.8,20.4
2023-03-01T06:00,6.4,78,0.0,0.0,3,1034.8,18.3
2023-03-01T07:00,6.5,76,0.0,0.0,3,1034.8,20.2
2023-03-01T08:00,6.3,74,0.0,0.0,3,1034.9,18.3
2023-03-01T09:00,6.8,70,0.0,0.0,3,1035.0,17.5
2023-03-01T10:00,7.1,69,0.0,0.0,3,1035.0,22.7
2023-03-01T11:00,7.2,70,0.0,0.0,3,1034.5,21.7
2023-03-01T12:00,7.2,72,0.1,0.1,51,1034.4,20.9
2023-03-01T13:00,7.1,76,0.0,0.0,3,1033.5,20.6
2023-03-01T14:00,7.1,77,0.1,0.1,51,1032.8,21.9
2023-03-01T15:00,7.2,77,0.1,0.1,51,1032.0,23.2
2023-03-01T16:00,7.2,75,0.0,0.0,3,1031.4,23.2
2023-03-01T17:00,7.1,76,0.0,0.0,2,1031.0,22.5
2023-03-01T18:00,7.0,77,0.0,0.0,3,1030.6,21.0
2023-03-01T19:00,7.1,75,0.0,0.0,2,1030.6,23.9
2023-03-01T20:00,7.0,76,0.0,0.0,3,1030.1,21.9
2023-03-01T21:00,7.1,74,0.0,0.0,3,1029.6,24.0
2023-03-01T22:00,7.0,74,0.0,0.0,3,1029.3,23.8
2023-03-01T23:00,6.8,80,0.0,0.0,3,1028.9,24.2
2023-03-02T00:00,7.0,76,0.0,0.0,3,1028.7,20.7
2023-03-02T01:00,6.8,78,0.0,0.0,3,1028.5,20.4
2023-03-02T02:00,6.8,78,0.0,0.0,3,1028.1,21.2
2023-03-02T03:00,6.4,84,0.0,0.0,2,1027.4,20.6
2023-03-02T04:00,6.2,86,0.0,0.0,3,1026.9,20.5
2023-03-02T05:00,6.1,87,0.0,0.0,3,1026.7,17.6
2023-03-02T06:00,6.3,86,0.0,0.0,3,1026.6,15.8
2023-03-02T07:00,6.3,85,0.0,0.0,3,1026.6,15.5
2023-03-02T08:00,6.4,84,0.1,0.1,51,1027.0,14.7
2023-03-02T09:00,6.6,84,0.2,0.2,51,1027.3,16.0
2023-03-02T10:00,6.9,81,0.2,0.2,51,1027.5,15.9
2023-03-02T11:00,7.2,77,0.3,0.3,51,1027.5,14.3
2023-03-02T12:00,7.0,79,0.3,0.3,51,1027.7,12.4
2023-03-02T13:00,7.0,79,0.1,0.1,51,1027.6,11.3
2023-03-02T14:00,7.3,75,0.1,0.1,51,1027.3,10.9
2023-03-02T15:00,7.4,74,0.1,0.1,51,1027.1,11.4
2023-03-02T16:00,7.1,72,0.0,0.0,3,1026.9,13.1
2023-03-02T17:00,6.9,73,0.0,0.0,2,1027.3,12.5
2023-03-02T18:00,6.6,73,0.0,0.0,3,1027.6,10.0
2023-03-02T19:00,6.4,73,0.0,0.0,3,1028.0,9.2
2023-03-02T20:00,6.3,74,0.0,0.0,2,1028.4,9.5
2023-03-02T21:00,5.6,77,0.0,0.0,3,1028.8,9.5
2023-03-02T22:00,5.7,76,0.0,0.0,3,1029.1,9.8
2023-03-02T23:00,5.9,74,0.0,0.0,3,1029.2,10.9
2023-03-03T00:00,5.5,81,0.0,0.0,3,1029.1,6.4
2023-03-03T01:00,5.6,82,0.0,0.0,3,1029.2,5.2
2023-03-03T02:00,5.1,87,0.0,0.0,3,1029.3,5.4
2023-03-03T03:00,5.0,84,0.0,0.0,3,1029.3,4.8
2023-03-03T04:00,4.8,87,0.0,0.0,3,1029.3,4.7
2023-03-03T05:00,5.2,87,0.0,0.0,3,1029.2,3.3
2023-03-03T06:00,5.3,87,0.0,0.0,3,1029.4,3.6
2023-03-03T07:00,4.8,91,0.1,0.1,51,1029.6,4.7
2023-03-03T08:00,5.7,86,0.1,0.1,51,1030.0,2.3
2023-03-03T09:00,6.5,82,0.0,0.0,3,1030.2,1.6
2023-03-03T10:00,6.8,79,0.1,0.1,51,1030.5,6.5
2023-03-03T11:00,7.1,75,0.1,0.1,51,1030.9,9.3
2023-03-03T12:00,6.6,77,0.1,0.1,51,1031.5,10.8
2023-03-03T13:00,6.5,77,0.1,0.1,51,1031.3,11.3
2023-03-03T14:00,6.5,77,0.1,0.1,51,1031.0,10.9
2023-03-03T15:00,6.4,78,0.1,0.1,51,1030.9,10.7
2023-03-03T16:00,6.4,76,0.0,0.0,3,1030.7,10.4
2023-03-03T17:00,6.4,74,0.0,0.0,3,1030.6,9.3
2023-03-03T18:00,6.1,76,0.0,0.0,3,1030.8,8.5
2023-03-03T19:00,5.7,79,0.0,0.0,3,1031.4,8.5
2023-03-03T20:00,5.5,81,0.0,0.0,3,1031.4,7.3
2023-03-03T21:00,5.4,82,0.0,0.0,3,1031.8,7.5
2023-03-03T22:00,5.3,83,0.0,0.0,3,1031.9,6.7
2023-03-03T23:00,5.3,83,0.1,0.1,51,1032.2,6.0
2023-03-04T00:00,4.9,88,0.0,0.0,3,1032.4,2.6
2023-03-04T01:00,5.2,86,0.0,0.0,3,1032.3,3.4
2023-03-04T02:00,5.1,85,0.0,0.0,3,1032.1,3.2
2023-03-04T03:00,4.9,88,0.0,0.0,3,1031.8,2.6
2023-03-04T04:00,4.8,85,0.0,0.0,3,1031.6,3.1
2023-03-04T05:00,4.8,83,0.0,0.0,3,1031.6,4.8
2023-03-04T06:00,4.6,80,0.0,0.0,3,1031.8,6.0
2023-03-04T07:00,4.4,80,0.0,0.0,3,1032.0,7.7
2023-03-04T08:00,4.7,78,0.0,0.0,3,1032.2,8.7
2023-03-04T09:00,5.3,70,0.0,0.0,3,1032.1,9.0
2023-03-04T10:00,5.5,67,0.0,0.0,3,1032.1,6.8
2023-03-04T11:00,6.0,63,0.0,0.0,3,1032.0,6.2
2023-03-04T12:00,6.0,64,0.0,0.0,3,1031.5,5.6
2023-03-04T13:00,6.3,62,0.0,0.0,3,1031.0,4.0
2023-03-04T14:00,6.6,60,0.0,0.0,3,1030.4,4.4
2023-03-04T15:00,6.7,59,0.0,0.0,3,1029.8,5.4
2023-03-04T16:00,6.7,59,0.0,0.0,3,1029.3,5.9
2023-03-04T17:00,6.4,59,0.0,0.0,3,1028.9,6.4
2023-03-04T18:00,5.6,68,0.0,0.0,3,1029.0,5.2
2023-03-04T19:00,5.1,74,0.0,0.0,3,1028.7,5.7
2023-03-04T20:00,4.7,76,0.0,0.0,3,1028.4,6.2
2023-03-04T21:00,4.6,76,0.0,0.0,3,1028.1,5.8
2023-03-04T22:00,4.5,75,0.0,0.0,3,1027.7,7.6
2023-03-04T23:00,4.3,74,0.0,0.0,3,1027.2,9.4
2023-03-05T00:00,3.9,72,0.0,0.0,3,1026.5,12.3
2023-03-05T01:00,3.7,74,0.0,0.0,3,1026.0,14.1
2023-03-05T02:00,3.6,76,0.0,0.0,3,1025.5,16.6
2023-03-05T03:00,3.3,77,0.0,0.0,3,1024.7,15.5
2023-03-05T04:00,3.0,78,0.0,0.0,3,1023.8,14.0
2023-03-05T05:00,2.9,79,0.0,0.0,3,1023.1,13.7
2023-03-05T06:00,2.8,81,0.0,0.0,3,1022.6,14.4
2023-03-05T07:00,2.8,84,0.0,0.0,3,1022.2,15.1
2023-03-05T08:00,3.2,84,0.0,0.0,3,1021.9,14.4
2023-03-05T09:00,3.8,83,0.0,0.0,3,1021.0,15.6
2023-03-05T10:00,4.9,80,0.0,0.0,3,1020.4,16.2
2023-03-05T11:00,5.9,78,0.0,0.0,3,1019.7,16.3
2023-03-05T12:00,7.5,71,0.0,0.0,3,1019.2,16.9
2023-03-05T13:00,8.2,68,0.1,0.1,51,1018.2,15.8
2023-03-05T14:00,8.8,65,0.1,0.1,51,1017.0,14.9
2023-03-05T15:00,9.0,63,0.0,0.0,3,1016.0,15.0
2023-03-05T16:00,9.1,62,0.0,0.0,3,1015.1,15.9
2023-03-05T17:00,8.5,68,0.0,0.0,3,1014.4,14.1
2023-03-05T18:00,7.8,71,0.0,0.0,1,1013.9,16.2
2023-03-05T19:00,6.8,78,0.0,0.0,3,1013.7,18.1
2023-03-05T20:00,6.0,84,0.0,0.0,3,1013.1,16.7
2023-03-05T21:00,5.8,87,0.0,0.0,1,1012.5,18.2
2023-03-05T22:00,5.3,89,0.0,0.0,1,1012.1,17.7
2023-03-05T23:00,5.1,91,0.0,0.0,1,1011.6,18.2
2023-03-06T00:00,5.3,88,0.0,0.0,3,1010.8,19.1
2023-03-06T01:00,4.9,90,0.0,0.0,3,1010.1,19.2
2023-03-06T02:00,4.9,91,0.0,0.0,3,1009.5,18.3
2023-03-06T03:00,5.1,91,0.0,0.0,3,1008.7,18.2
2023-03-06T04:00,5.1,91,0.0,0.0,3,1008.0,17.9
2023-03-06T05:00,5.1,92,0.0,0.0,3,1007.6,16.9
2023-03-06T06:00,4.9,92,0.0,0.0,3,1007.0,16.2
2023-03-06T07:00,4.9,93,0.0,0.0,3,1006.4,16.2
2023-03-06T08:00,5.1,92,0.0,0.0,3,1006.1,16.2
2023-03-06T09:00,5.8,90,0.0,0.0,3,1005.7,19.1
2023-03-06T10:00,6.7,84,0.0,0.0,3,1005.5,18.9
2023-03-06T11:00,7.4,78,0.1,0.1,51,1005.2,16.1
2023-03-06T12:00,7.6,79,0.1,0.1,51,1004.7,15.0
2023-03-06T13:00,7.8,80,0.5,0.5,53,1004.3,13.6
2023-03-06T14:00,7.2,79,0.7,0.7,53,1003.7,12.9
2023-03-06T15:00,6.4,87,1.5,1.5,61,1003.3,10.3
2023-03-06T16:00,5.9,89,1.1,1.1,55,1002.8,9.1
2023-03-06T17:00,5.5,88,0.7,0.7,53,1002.5,9.6
2023-03-06T18:00,5.2,91,0.5,0.5,53,1002.6,8.7
2023-03-06T19:00,5.0,91,0.5,0.5,53,1002.6,10.6
2023-03-06T20:00,4.5,85,0.4,0.4,51,1002.8,14.8
2023-03-06T21:00,4.1,82,0.1,0.1,51,1002.6,15.4
2023-03-06T22:00,3.5,80,0.0,0.0,3,1002.7,14.7
2023-03-06T23:00,3.0,81,0.0,0.0,3,1002.4,14.2
2023-03-07T00:00,2.8,82,0.0,0.0,3,1001.8,13.0
2023-03-07T01:00,2.4,80,0.0,0.0,3,1001.6,14.8
2023-03-07T02:00,2.1,78,0.0,0.0,3,1001.4,16.0
2023-03-07T03:00,1.4,79,0.0,0.0,3,1001.0,15.8
2023-03-07T04:00,0.7,81,0.0,0.0,2,1000.9,15.8
2023-03-07T05:00,-0.3,83,0.0,0.0,3,1000.9,15.0
2023-03-07T06:00,-0.9,83,0.0,0.0,3,1000.8,14.0
2023-03-07T07:00,-1.2,85,0.0,0.0,3,1000.9,13.5
2023-03-07T08:00,-0.7,85,0.0,0.0,3,1001.4,13.2
2023-03-07T09:00,0.7,82,0.0,0.0,3,1001.5,12.0
2023-03-07T10:00,2.4,79,0.0,0.0,2,1001.6,11.5
2023-03-07T11:00,3.6,65,0.1,0.1,51,1001.7,13.3
2023-03-07T12:00,4.2,61,0.1,0.1,51,1001.5,9.7
2023-03-07T13:00,4.8,57,0.1,0.1,51,1001.4,9.6
2023-03-07T14:00,4.9,55,0.1,0.1,51,1000.9,9.0
2023-03-07T15:00,5.0,52,0.0,0.0,0,1000.5,6.6
2023-03-07T16:00,4.9,51,0.0,0.0,0,1000.1,7.0
2023-03-07T17:00,4.3,54,0.0,0.0,0,999.8,8.4
2023-03-07T18:00,2.9,68,0.0,0.0,0,999.5,5.1
2023-03-07T19:00,1.3,73,0.0,0.0,0,999.4,7.3
2023-03-07T20:00,1.4,69,0.0,0.0,2,998.8,6.6
2023-03-07T21:00,0.4,74,0.0,0.0,3,997.8,8.6
2023-03-07T22:00,1.5,69,0.0,0.0,3,996.9,6.9
2023-03-07T23:00,2.2,66,0.0,0.0,3,996.3,9.4
2023-03-08T00:00,2.9,66,0.0,0.0,3,995.5,11.6
2023-03-08T01:00,2.9,65,0.0,0.0,3,994.7,14.8
2023-03-08T02:00,3.2,63,0.0,0.0,3,993.7,15.8
2023-03-08T03:00,3.4,60,0.0,0.0,3,992.6,16.2
2023-03-08T04:00,3.5,59,0.0,0.0,3,992.0,18.1
2023-03-08T05:00,3.4,61,0.0,0.0,3,991.8,18.5
2023-03-08T06:00,3.4,54,0.0,0.0,3,991.5,18.4
2023-03-08T07:00,3.4,54,0.0,0.0,3,991.4,19.7
2023-03-08T08:00,3.6,56,0.0,0.0,3,991.5,20.8
2023-03-08T09:00,3.9,54,0.0,0.0,3,991.4,24.1
2023-03-08T10:00,4.3,50,0.0,0.0,3,991.2,25.9
2023-03-08T11:00,4.8,52,0.0,0.0,3,991.1,27.8
2023-03-08T12:00,5.0,50,0.0,0.0,3,990.4,26.3
2023-03-08T13:00,5.1,50,0.0,0.0,3,990.2,26.3
2023-03-08T14:00,5.0,52,0.0,0.0,3,989.8,26.7
2023-03-08T15:00,4.6,58,0.0,0.0,3,989.7,26.4
2023-03-08T16:00,4.0,66,0.0,0.0,3,989.7,26.3
2023-03-08T17:00,4.0,66,0.0,0.0,3,989.9,25.4
2023-03-08T18:00,3.8,68,0.0,0.0,3,990.5,25.7
2023-03-08T19:00,3.6,74,0.1,0.1,51,990.9,26.2
2023-03-08T20:00,3.6,77,0.2,0.2,51,991.5,25.9
2023-03-08T21:00,3.6,75,0.0,0.0,3,992.1,24.0
2023-03-08T22:00,3.6,75,0.1,0.1,51,992.5,23.4
2023-03-08T23:00,3.8,75,0.1,0.1,51,992.5,23.6
2023-03-09T00:00,3.9,75,0.1,0.1,51,992.0,23.9
2023-03-09T01:00,4.1,73,0.0,0.0,3,992.1,24.5
2023-03-09T02:00,3.9,78,0.0,0.0,3,992.0,27.3
2023-03-09T03:00,4.0,77,0.1,0.1,51,991.6,27.2
2023-03-09T04:00,3.7,79,0.3,0.3,51,991.6,26.1
2023-03-09T05:00,2.9,85,0.7,0.7,53,991.2,26.9
2023-03-09T06:00,2.3,90,0.8,0.7,71,991.0,27.6
2023-03-09T07:00,2.0,95,1.2,0.8,73,990.7,28.2
2023-03-09T08:00,2.3,93,1.1,0.7,73,990.5,32.1
2023-03-09T09:00,2.3,94,1.3,0.8,73,990.4,33.5
2023-03-09T10:00,2.4,94,1.5,0.9,73,989.7,37.5
2023-03-09T11:00,2.6,93,1.2,1.0,71,989.2,38.9
2023-03-09T12:00,3.3,89,1.1,1.1,55,988.1,31.7
2023-03-09T13:00,3.9,86,0.3,0.3,51,987.3,34.7
2023-03-09T14:00,3.5,90,0.8,0.8,53,986.3,33.9
2023-03-09T15:00,3.1,92,1.1,1.1,55,985.5,36.4
2023-03-09T16:00,3.4,93,1.3,1.3,61,984.8,38.5
2023-03-09T17:00,3.6,90,1.2,1.2,55,983.9,40.6
2023-03-09T18:00,3.7,89,1.6,1.6,61,983.9,41.3
2023-03-09T19:00,3.6,90,1.5,1.5,61,984.4,41.2
2023-03-09T20:00,3.2,91,1.9,1.9,61,985.3,42.4
2023-03-09T21:00,2.4,95,2.3,1.5,73,986.5,42.9
2023-03-09T22:00,2.0,96,2.0,1.0,73,988.1,39.5
2023-03-09T23:00,2.1,93,1.9,1.0,73,990.0,38.2
2023-03-10T00:00,1.9,91,1.0,0.6,73,990.5,39.7
2023-03-10T01:00,1.9,92,1.8,0.6,75,992.7,38.8
2023-03-10T02:00,1.9,91,1.6,0.5,73,994.6,34.8
2023-03-10T03:00,1.5,93,1.2,0.3,73,996.2,29.6
2023-03-10T04:00,1.5,93,1.1,0.2,73,998.0,28.0
2023-03-10T05:00,1.6,93,0.8,0.3,73,1000.0,25.8
2023-03-10T06:00,2.0,89,0.5,0.3,71,1001.5,24.0
2023-03-10T07:00,2.5,84,0.1,0.1,51,1002.7,16.7
2023-03-10T08:00,1.7,88,0.0,0.0,2,1004.8,14.3
2023-03-10T09:00,2.3,85,0.0,0.0,1,1005.0,12.9
2023-03-10T10:00,3.5,78,0.0,0.0,2,1006.5,11.9
2023-03-10T11:00,4.5,71,0.0,0.0,1,1006.8,10.0
2023-03-10T12:00,4.9,61,0.0,0.0,3,1007.4,8.2
2023-03-10T13:00,5.5,58,0.0,0.0,3,1006.6,9.1
2023-03-10T14:00,5.8,54,0.0,0.0,1,1006.8,6.3
2023-03-10T15:00,5.9,53,0.0,0.0,0,1006.5,7.9
2023-03-10T16:00,5.5,53,0.0,0.0,1,1006.8,7.6
2023-03-10T17:00,4.8,57,0.0,0.0,0,1006.5,8.0
2023-03-10T18:00,3.2,74,0.0,0.0,3,1006.7,5.0
2023-03-10T19:00,2.4,78,0.0,0.0,3,1007.4,7.1
2023-03-10T20:00,2.7,77,0.0,0.0,3,1007.3,5.8
2023-03-10T21:00,3.2,76,0.0,0.0,3,1006.7,7.1
2023-03-10T22:00,2.4,78,0.0,0.0,3,1006.6,6.8
2023-03-10T23:00,2.9,76,0.0,0.0,3,1006.5,10.8
2023-03-11T00:00,3.5,69,0.0,0.0,3,1006.6,12.2
2023-03-11T01:00,3.7,72,0.0,0.0,3,1006.1,14.8
2023-03-11T02:00,3.5,73,0.0,0.0,3,1005.8,11.7
2023-03-11T03:00,4.1,74,0.1,0.1,51,1005.5,12.5
2023-03-11T04:00,4.4,74,0.1,0.1,51,1005.4,12.4
2023-03-11T05:00,4.0,83,0.3,0.3,51,1005.4,14.8
2023-03-11T06:00,4.2,82,0.3,0.3,51,1004.9,19.1
2023-03-11T07:00,4.2,81,0.1,0.1,51,1004.7,22.8
2023-03-11T08:00,4.3,81,0.3,0.3,51,1004.5,25.7
2023-03-11T09:00,4.1,83,0.3,0.3,51,1004.1,29.2
2023-03-11T10:00,4.4,82,0.3,0.3,51,1003.5,30.8
2023-03-11T11:00,4.2,86,0.5,0.5,53,1003.1,30.3
2023-03-11T12:00,4.3,91,0.8,0.8,53,1002.5,27.2
2023-03-11T13:00,4.6,92,1.7,1.4,73,1001.8,28.3
2023-03-11T14:00,5.1,92,1.1,1.0,71,1000.7,29.6
2023-03-11T15:00,6.5,90,1.7,1.7,61,999.5,30.0
2023-03-11T16:00,7.0,93,1.9,1.9,61,999.0,26.9
2023-03-11T17:00,7.4,94,1.0,1.0,55,998.3,16.7
2023-03-11T18:00,8.1,90,0.0,0.0,3,998.2,9.3
2023-03-11T19:00,9.2,89,1.5,1.5,61,998.6,21.8
2023-03-11T20:00,10.0,90,1.5,1.5,61,999.0,29.4
2023-03-11T21:00,10.0,90,0.0,0.0,2,999.3,29.9
2023-03-11T22:00,9.8,91,0.0,0.0,3,999.9,29.7
2023-03-11T23:00,9.9,90,0.0,0.0,3,1000.3,30.0
2023-03-12T00:00,9.4,92,0.0,0.0,3,1000.7,26.8
2023-03-12T01:00,9.6,90,0.0,0.0,3,1000.8,26.7
2023-03-12T02:00,9.5,89,0.0,0.0,3,1001.2,28.1
2023-03-12T03:00,9.3,87,0.0,0.0,3,1001.5,26.8
2023-03-12T04:00,9.0,87,0.0,0.0,3,1001.9,23.9
2023-03-12T05:00,9.0,86,0.0,0.0,3,1002.6,23.1
2023-03-12T06:00,8.8,86,0.0,0.0,3,1002.2,20.9
2023-03-12T07:00,8.0,89,0.0,0.0,3,1002.6,17.9
2023-03-12T08:00,8.5,88,0.0,0.0,3,1002.6,16.9
2023-03-12T09:00,9.4,86,0.0,0.0,3,1002.3,16.3
2023-03-12T10:00,10.1,81,0.0,0.0,3,1001.4,14.6
2023-03-12T11:00,10.7,78,0.0,0.0,3,1000.4,14.7
2023-03-12T12:00,12.8,71,0.0,0.0,3,999.1,24.1
2023-03-12T13:00,13.0,74,0.0,0.0,3,998.1,24.5
2023-03-12T14:00,13.0,75,0.0,0.0,3,996.6,22.4
2023-03-12T15:00,13.2,74,0.0,0.0,3,995.3,18.8
2023-03-12T16:00,12.5,77,0.0,0.0,3,994.3,16.2
2023-03-12T17:00,11.6,83,0.1,0.1,51,992.7,14.9
2023-03-12T18:00,10.6,88,0.6,0.6,53,991.0,14.0
2023-03-12T19:00,10.1,92,0.8,0.8,53,989.2,13.4
2023-03-12T20:00,10.6,90,0.6,0.6,53,987.1,14.1
2023-03-12T21:00,11.8,86,0.1,0.1,51,985.8,16.2
2023-03-12T22:00,12.5,86,0.0,0.0,3,984.5,17.3
2023-03-12T23:00,12.7,87,0.0,0.0,3,983.3,18.6
2023-03-13T00:00,12.4,87,0.0,0.0,3,980.5,23.7
2023-03-13T01:00,12.8,85,0.0,0.0,3,979.1,27.2
2023-03-13T02:00,12.6,85,0.0,0.0,3,978.3,28.7
2023-03-13T03:00,12.5,80,0.0,0.0,3,977.4,28.4
2023-03-13T04:00,11.3,81,0.3,0.3,51,976.5,26.3
2023-03-13T05:00,11.2,82,0.6,0.6,53,975.7,27.2
2023-03-13T06:00,10.9,82,0.0,0.0,3,975.2,30.8
2023-03-13T07:00,10.5,83,0.0,0.0,3,975.3,29.1
2023-03-13T08:00,10.8,83,0.0,0.0,3,975.4,26.0
2023-03-13T09:00,11.5,80,0.0,0.0,2,975.5,23.2
2023-03-13T10:00,12.0,80,0.1,0.1,51,975.8,26.5
2023-03-13T11:00,12.2,78,0.1,0.1,51,975.9,26.3
2023-03-13T12:00,12.2,81,0.2,0.2,51,976.3,26.4
2023-03-13T13:00,13.0,75,0.1,0.1,51,976.4,27.4
2023-03-13T14:00,12.3,79,0.4,0.4,51,976.8,30.2
2023-03-13T15:00,10.4,87,1.0,1.0,55,978.0,21.2
2023-03-13T16:00,9.5,86,0.0,0.0,3,979.5,18.2
2023-03-13T17:00,9.2,80,0.0,0.0,3,980.8,21.6
2023-03-13T18:00,8.4,74,0.0,0.0,2,982.6,27.4
2023-03-13T19:00,7.0,70,0.0,0.0,0,984.6,25.7
2023-03-13T20:00,6.2,70,0.0,0.0,0,986.3,28.3
2023-03-13T21:00,5.3,72,0.0,0.0,0,988.0,26.0
2023-03-13T22:00,4.7,70,0.0,0.0,0,989.3,25.7
2023-03-13T23:00,4.3,67,0.0,0.0,0,990.5,23.9
2023-03-14T00:00,4.3,69,0.0,0.0,0,991.7,24.0
2023-03-14T01:00,3.8,71,0.0,0.0,2,993.2,21.2
2023-03-14T02:00,3.1,80,0.2,0.2,51,994.9,20.0
2023-03-14T03:00,3.1,89,0.3,0.3,51,996.3,14.7
2023-03-14T04:00,3.2,88,0.0,0.0,3,997.8,16.2
2023-03-14T05:00,2.5,87,0.0,0.0,0,999.7,16.6
2023-03-14T06:00,1.9,88,0.0,0.0,1,1001.4,19.8
2023-03-14T07:00,1.7,88,0.0,0.0,1,1002.5,17.1
2023-03-14T08:00,2.6,86,0.0,0.0,3,1004.2,18.4
2023-03-14T09:00,3.8,81,0.0,0.0,2,1004.8,21.0
2023-03-14T10:00,5.3,72,0.0,0.0,3,1005.4,21.9
2023-03-14T11:00,6.5,65,0.0,0.0,3,1005.5,25.5
2023-03-14T12:00,6.0,72,0.1,0.1,51,1006.4,25.9
2023-03-14T13:00,6.7,68,0.3,0.3,51,1006.3,23.4
2023-03-14T14:00,7.1,70,0.6,0.6,53,1006.6,24.2
2023-03-14T15:00,6.4,72,0.5,0.4,71,1007.2,21.1
2023-03-14T16:00,6.5,61,0.1,0.1,51,1007.7,23.6
2023-03-14T17:00,6.2,63,0.0,0.0,0,1008.5,20.8
2023-03-14T18:00,5.3,64,0.0,0.0,0,1009.3,17.4
2023-03-14T19:00,4.2,64,0.0,0.0,0,1010.3,15.5
2023-03-14T20:00,3.2,68,0.0,0.0,1,1011.2,16.6
2023-03-14T21:00,2.5,71,0.0,0.0,0,1011.9,13.7
2023-03-14T22:00,1.6,75,0.0,0.0,3,1012.3,10.6
2023-03-14T23:00,1.0,78,0.0,0.0,1,1012.7,11.9
2023-03-15T00:00,0.8,82,0.0,0.0,3,1012.8,8.7
2023-03-15T01:00,0.5,83,0.0,0.0,3,1012.9,6.8
2023-03-15T02:00,0.5,86,0.0,0.0,3,1012.8,6.4
2023-03-15T03:00,0.3,87,0.0,0.0,3,1012.3,8.4
2023-03-15T04:00,0.7,92,0.0,0.0,3,1011.9,7.0
2023-03-15T05:00,1.0,96,0.0,0.0,3,1011.5,7.4
2023-03-15T06:00,2.5,93,0.0,0.0,3,1011.4,5.9
2023-03-15T07:00,3.4,85,0.0,0.0,3,1011.0,9.3
2023-03-15T08:00,4.4,81,0.1,0.1,51,1010.6,12.2
2023-03-15T09:00,5.1,82,0.3,0.3,51,1010.3,15.8
2023-03-15T10:00,5.7,84,0.8,0.8,53,1009.4,21.4
2023-03-15T11:00,6.5,84,0.5,0.5,53,1008.4,23.5
2023-03-15T12:00,6.9,89,0.3,0.3,51,1007.4,22.8
2023-03-15T13:00,7.4,90,0.7,0.7,53,1006.1,26.8
2023-03-15T14:00,7.8,89,0.4,0.4,51,1004.8,28.5
2023-03-15T15:00,8.2,92,0.6,0.6,53,1003.4,25.0
2023-03-15T16:00,8.7,92,0.9,0.9,53,1002.6,21.6
2023-03-15T17:00,9.1,91,1.6,1.6,61,1001.2,23.5
2023-03-15T18:00,9.2,92,1.0,1.0,55,1000.2,24.9
2023-03-15T19:00,9.6,91,0.2,0.2,51,999.7,20.4
2023-03-15T20:00,10.0,90,0.1,0.1,51,999.0,19.7
2023-03-15T21:00,10.0,89,1.2,1.2,55,998.5,12.6
2023-03-15T22:00,10.3,88,0.4,0.4,51,997.8,13.4
2023-03-15T23:00,10.5,88,0.1,0.1,51,997.4,15.7
2023-03-16T00:00,10.4,90,0.2,0.2,51,997.0,11.9
2023-03-16T01:00,11.0,89,1.0,1.0,55,996.4,18.2
2023-03-16T02:00,10.9,89,0.7,0.7,53,996.0,16.2
2023-03-16T03:00,11.2,88,0.1,0.1,51,995.6,16.6
2023-03-16T04:00,11.2,88,0.0,0.0,3,994.9,18.4
2023-03-16T05:00,11.2,87,0.0,0.0,3,994.5,19.8
2023-03-16T06:00,11.0,88,2.0,2.0,61,994.2,18.4
2023-03-16T07:00,11.0,88,0.0,0.0,3,993.8,17.7
2023-03-16T08:00,11.2,88,0.6,0.6,53,993.6,19.6
2023-03-16T09:00,11.6,87,0.1,0.1,51,993.8,19.4
2023-03-16T10:00,11.9,88,0.0,0.0,3,993.7,19.2
2023-03-16T11:00,13.4,82,0.0,0.0,2,993.6,22.3
2023-03-16T12:00,13.8,79,0.1,0.1,51,993.7,22.8
2023-03-16T13:00,14.9,71,0.1,0.1,51,993.6,21.6
2023-03-16T14:00,15.2,68,0.0,0.0,0,993.2,19.2
2023-03-16T15:00,15.1,68,0.0,0.0,1,992.9,21.4
2023-03-16T16:00,14.6,72,0.0,0.0,1,992.7,17.7
2023-03-16T17:00,13.5,77,0.0,0.0,0,992.8,17.0
2023-03-16T18:00,11.7,84,0.0,0.0,1,993.4,17.4
2023-03-16T19:00,10.7,87,0.0,0.0,1,993.9,15.5
2023-03-16T20:00,10.3,87,0.0,0.0,1,994.2,15.0
2023-03-16T21:00,10.0,87,0.0,0.0,3,994.4,14.6
2023-03-16T22:00,9.7,89,0.0,0.0,2,994.7,12.7
2023-03-16T23:00,9.3,88,0.0,0.0,1,994.9,10.1
2023-03-17T00:00,9.8,86,0.0,0.0,1,994.8,12.1
2023-03-17T01:00,9.5,89,0.0,0.0,2,994.9,11.9
2023-03-17T02:00,9.3,89,0.0,0.0,2,994.8,11.3
2023-03-17T03:00,8.8,91,0.0,0.0,2,994.5,11.6
2023-03-17T04:00,8.8,91,0.0,0.0,2,994.5,11.0
2023-03-17T05:00,8.7,91,0.0,0.0,3,994.6,11.1
2023-03-17T06:00,8.7,92,0.0,0.0,3,994.7,13.5
2023-03-17T07:00,9.5,93,0.0,0.0,3,995.0,16.3
2023-03-17T08:00,9.9,90,0.0,0.0,3,994.9,17.2
2023-03-17T09:00,10.8,85,0.0,0.0,3,994.9,15.7
2023-03-17T10:00,11.3,85,0.0,0.0,3,995.2,21.4
2023-03-17T11:00,11.1,87,0.0,0.0,3,995.4,22.6
2023-03-17T12:00,10.4,91,0.1,0.1,51,995.6,23.5
2023-03-17T13:00,10.7,89,0.3,0.3,51,995.4,23.7
2023-03-17T14:00,11.0,87,0.0,0.0,3,994.9,26.3
2023-03-17T15:00,11.5,84,0.0,0.0,3,995.0,25.1
2023-03-17T16:00,11.2,85,0.0,0.0,3,995.0,24.0
2023-03-17T17:00,11.0,87,0.0,0.0,3,995.3,20.3
2023-03-17T18:00,10.2,90,0.0,0.0,3,995.8,18.0
2023-03-17T19:00,9.6,93,0.0,0.0,3,996.4,15.3
2023-03-17T20:00,9.6,93,0.0,0.0,3,996.8,13.2
2023-03-17T21:00,9.5,94,0.0,0.0,2,997.1,11.8
2023-03-17T22:00,9.0,95,0.0,0.0,3,997.4,11.2
2023-03-17T23:00,8.7,94,0.0,0.0,3,997.8,8.1
2023-03-18T00:00,8.4,95,0.0,0.0,3,998.4,5.2
2023-03-18T01:00,7.0,97,0.0,0.0,3,998.8,8.8
2023-03-18T02:00,6.4,98,0.0,0.0,3,999.0,8.9
2023-03-18T03:00,7.2,97,0.0,0.0,1,999.2,6.8
2023-03-18T04:00,8.2,95,0.0,0.0,1,999.5,5.8
2023-03-18T05:00,7.2,96,0.0,0.0,1,1000.0,6.9
2023-03-18T06:00,7.5,95,0.0,0.0,1,1000.4,6.1
2023-03-18T07:00,8.0,94,0.0,0.0,3,1001.1,5.5
2023-03-18T08:00,8.6,92,0.0,0.0,3,1001.8,5.2
2023-03-18T09:00,9.6,88,0.0,0.0,3,1002.1,10.0
2023-03-18T10:00,10.1,87,0.1,0.1,51,1002.7,12.7
2023-03-18T11:00,10.7,85,0.2,0.2,51,1003.1,14.7
2023-03-18T12:00,11.9,83,0.8,0.8,53,1003.4,17.3
2023-03-18T13:00,10.2,87,1.5,1.5,61,1004.4,24.0
2023-03-18T14:00,9.6,85,0.2,0.2,51,1005.3,20.4
2023-03-18T15:00,10.0,72,0.0,0.0,3,1006.1,23.6
2023-03-18T16:00,10.3,65,0.0,0.0,1,1006.5,23.3
2023-03-18T17:00,10.2,66,0.0,0.0,0,1007.3,23.2
2023-03-18T18:00,9.1,64,0.0,0.0,0,1008.2,23.7
2023-03-18T19:00,7.8,68,0.0,0.0,0,1009.2,23.2
2023-03-18T20:00,7.1,73,0.0,0.0,0,1010.4,24.0
2023-03-18T21:00,6.5,77,0.0,0.0,0,1011.2,22.9
2023-03-18T22:00,6.0,79,0.0,0.0,0,1012.1,23.3
2023-03-18T23:00,5.6,80,0.0,0.0,0,1012.5,23.1
2023-03-19T00:00,5.2,77,0.0,0.0,0,1012.7,20.9
2023-03-19T01:00,4.7,75,0.0,0.0,0,1013.0,20.2
2023-03-19T02:00,4.3,75,0.0,0.0,0,1013.4,20.9
2023-03-19T03:00,4.0,77,0.0,0.0,1,1013.4,19.5
2023-03-19T04:00,3.6,78,0.0,0.0,2,1013.8,18.7
2023-03-19T05:00,3.4,79,0.0,0.0,3,1014.0,17.3
2023-03-19T06:00,3.0,81,0.0,0.0,3,1014.9,16.9
2023-03-19T07:00,2.8,82,0.0,0.0,3,1015.5,15.9
2023-03-19T08:00,4.1,80,0.0,0.0,3,1015.9,15.3
2023-03-19T09:00,5.8,75,0.0,0.0,3,1015.8,13.6
2023-03-19T10:00,7.6,71,0.0,0.0,3,1015.7,11.2
2023-03-19T11:00,8.4,66,0.0,0.0,3,1015.5,9.2
2023-03-19T12:00,9.0,64,0.0,0.0,3,1015.3,7.9
2023-03-19T13:00,9.5,60,0.0,0.0,3,1014.6,6.5
2023-03-19T14:00,8.9,62,0.0,0.0,3,1014.2,11.2
2023-03-19T15:00,8.4,66,0.1,0.1,51,1013.5,9.5
2023-03-19T16:00,7.9,75,0.9,0.9,53,1012.9,10.5
2023-03-19T17:00,7.1,87,2.0,2.0,61,1012.5,8.8
2023-03-19T18:00,7.1,89,1.2,1.2,55,1011.9,9.3
2023-03-19T19:00,7.7,88,0.5,0.5,53,1011.1,11.5
2023-03-19T20:00,8.4,88,0.7,0.7,53,1010.8,9.7
2023-03-19T21:00,9.2,87,0.0,0.0,3,1010.6,9.0
2023-03-19T22:00,9.9,88,0.0,0.0,3,1010.5,10.5
2023-03-19T23:00,10.6,90,0.5,0.5,53,1009.9,15.9
2023-03-20T00:00,11.1,90,1.1,1.1,55,1009.8,16.8
2023-03-20T01:00,11.3,90,0.1,0.1,51,1009.7,18.4
2023-03-20T02:00,11.2,91,0.0,0.0,3,1009.7,17.4
2023-03-20T03:00,11.2,91,0.3,0.3,51,1009.4,17.4
2023-03-20T04:00,11.2,91,0.0,0.0,3,1009.3,18.2
2023-03-20T05:00,11.0,92,0.4,0.4,51,1009.3,19.0
2023-03-20T06:00,10.9,93,0.0,0.0,3,1009.3,16.4
2023-03-20T07:00,11.2,90,0.0,0.0,3,1009.5,15.6
2023-03-20T08:00,11.2,90,0.3,0.3,51,1009.8,12.6
2023-03-20T09:00,11.7,88,0.0,0.0,3,1009.3,13.2
2023-03-20T10:00,12.8,86,0.0,0.0,3,1009.4,11.7
2023-03-20T11:00,13.2,80,0.0,0.0,3,1008.9,11.5
2023-03-20T12:00,14.7,76,0.0,0.0,3,1008.8,15.0
2023-03-20T13:00,13.9,82,0.0,0.0,3,1008.4,15.6
2023-03-20T14:00,14.5,77,0.1,0.1,51,1007.8,13.3
2023-03-20T15:00,14.7,72,0.0,0.0,3,1006.9,14.2
2023-03-20T16:00,14.0,76,0.0,0.0,3,1006.5,19.2
2023-03-20T17:00,12.9,86,0.0,0.0,3,1005.7,16.3
2023-03-20T18:00,12.2,88,0.0,0.0,3,1005.1,17.3
2023-03-20T19:00,11.5,89,0.1,0.1,51,1004.4,18.7
2023-03-20T20:00,11.1,90,0.5,0.5,53,1003.8,22.1
2023-03-20T21:00,11.0,89,0.4,0.4,51,1003.1,18.5
2023-03-20T22:00,11.0,88,0.6,0.6,53,1003.0,13.3
2023-03-20T23:00,10.6,91,0.1,0.1,51,1002.3,14.6
2023-03-21T00:00,10.7,90,0.0,0.0,1,1002.2,16.2
2023-03-21T01:00,10.5,87,0.0,0.0,3,1001.3,19.7
2023-03-21T02:00,10.0,87,0.0,0.0,3,1000.4,16.2
2023-03-21T03:00,9.4,89,0.8,0.8,53,999.6,13.9
2023-03-21T04:00,8.8,92,0.0,0.0,3,998.9,9.7
2023-03-21T05:00,8.8,93,0.6,0.6,53,998.2,9.7
2023-03-21T06:00,8.7,93,0.1,0.1,51,998.4,6.8
2023-03-21T07:00,9.3,91,0.0,0.0,3,998.9,21.5
2023-03-21T08:00,9.6,90,0.0,0.0,2,999.3,19.0
2023-03-21T09:00,10.7,86,0.0,0.0,2,999.9,23.8
2023-03-21T10:00,11.5,80,0.0,0.0,3,999.7,23.7
2023-03-21T11:00,12.3,72,0.0,0.0,2,999.8,24.3
2023-03-21T12:00,12.7,71,0.0,0.0,3,999.5,23.0
2023-03-21T13:00,12.6,71,0.0,0.0,3,999.3,20.4
2023-03-21T14:00,12.5,70,0.3,0.3,51,998.3,19.5
2023-03-21T15:00,12.3,74,0.2,0.2,51,996.8,18.7
2023-03-21T16:00,11.3,81,0.6,0.6,53,995.8,20.1
2023-03-21T17:00,10.7,86,0.9,0.9,53,993.9,24.0
2023-03-21T18:00,10.4,89,0.9,0.9,53,992.2,26.5
2023-03-21T19:00,10.6,87,1.4,1.4,61,990.9,27.9
2023-03-21T20:00,10.7,87,1.8,1.8,61,989.6,28.7
2023-03-21T21:00,11.1,85,0.5,0.5,53,988.2,28.2
2023-03-21T22:00,11.3,85,0.9,0.9,53,986.7,26.6
2023-03-21T23:00,11.7,84,0.5,0.5,53,985.7,28.0
2023-03-22T00:00,12.0,84,0.1,0.1,51,984.9,29.5
2023-03-22T01:00,11.9,80,0.1,0.1,51,985.6,35.4
2023-03-22T02:00,9.9,70,0.1,0.1,51,987.1,37.8
2023-03-22T03:00,8.3,68,0.0,0.0,0,988.3,32.7
2023-03-22T04:00,7.6,66,0.0,0.0,0,989.4,29.7
2023-03-22T05:00,7.2,65,0.0,0.0,0,990.2,26.6
2023-03-22T06:00,6.9,64,0.0,0.0,0,990.3,23.8
2023-03-22T07:00,6.9,65,0.0,0.0,0,990.7,23.2
2023-03-22T08:00,7.9,64,0.0,0.0,0,990.8,24.5
2023-03-22T09:00,9.4,59,0.0,0.0,0,990.3,25.8
2023-03-22T10:00,10.4,57,0.0,0.0,1,990.0,27.8
2023-03-22T11:00,11.8,54,0.0,0.0,1,989.4,30.0
2023-03-22T12:00,11.5,61,0.0,0.0,1,989.0,26.1
2023-03-22T13:00,12.4,56,0.1,0.1,51,988.4,26.7
2023-03-22T14:00,13.4,50,0.0,0.0,3,987.4,25.4
2023-03-22T15:00,11.7,62,0.2,0.2,51,987.0,28.4
2023-03-22T16:00,10.4,75,0.8,0.8,53,985.8,22.3
2023-03-22T17:00,9.9,79,0.9,0.9,53,984.3,21.7
2023-03-22T18:00,9.7,79,0.1,0.1,51,983.2,21.7
2023-03-22T19:00,9.2,79,0.0,0.0,2,982.9,21.3
2023-03-22T20:00,8.6,79,0.0,0.0,3,983.4,24.8
2023-03-22T21:00,7.9,78,0.0,0.0,0,984.1,28.8
2023-03-22T22:00,7.3,78,0.0,0.0,0,985.1,29.9
2023-03-22T23:00,7.1,76,0.0,0.0,0,985.7,25.8
2023-03-23T00:00,7.4,73,0.0,0.0,3,985.9,22.9
2023-03-23T01:00,7.5,73,0.0,0.0,3,986.1,22.6
2023-03-23T02:00,7.2,78,1.0,1.0,55,985.8,22.3
2023-03-23T03:00,7.6,79,0.1,0.1,51,985.0,25.3
2023-03-23T04:00,7.8,78,0.0,0.0,3,984.8,23.0
2023-03-23T05:00,7.7,79,0.0,0.0,3,984.8,21.4
2023-03-23T06:00,7.7,80,0.0,0.0,3,984.7,20.2
2023-03-23T07:00,8.3,78,0.0,0.0,3,984.8,20.4
2023-03-23T08:00,9.1,77,0.0,0.0,3,985.1,19.1
2023-03-23T09:00,10.2,74,0.0,0.0,3,985.1,14.2
2023-03-23T10:00,11.2,67,0.0,0.0,2,985.4,23.4
2023-03-23T11:00,12.0,63,0.3,0.3,51,985.1,23.4
2023-03-23T12:00,12.5,61,0.4,0.4,51,985.2,23.9
2023-03-23T13:00,13.1,58,0.3,0.3,51,984.6,25.6
2023-03-23T14:00,12.6,62,0.1,0.1,51,984.2,24.2
2023-03-23T15:00,12.3,67,0.5,0.5,53,983.6,21.8
2023-03-23T16:00,12.4,61,0.0,0.0,3,983.2,20.5
2023-03-23T17:00,11.4,66,0.3,0.3,51,982.9,20.2
2023-03-23T18:00,10.3,72,0.0,0.0,3,982.6,19.3
2023-03-23T19:00,9.4,75,0.0,0.0,0,982.3,17.6
2023-03-23T20:00,8.8,75,0.0,0.0,1,982.7,22.9
2023-03-23T21:00,8.0,70,0.0,0.0,2,983.2,35.4
2023-03-23T22:00,7.8,71,0.0,0.0,3,983.9,34.3
2023-03-23T23:00,7.8,71,0.0,0.0,3,984.6,34.5
2023-03-24T00:00,8.5,66,0.0,0.0,3,984.6,33.2
2023-03-24T01:00,8.1,68,0.0,0.0,2,985.1,30.0
2023-03-24T02:00,8.1,68,0.0,0.0,3,985.3,28.9
2023-03-24T03:00,8.1,69,0.0,0.0,3,985.2,25.8
2023-03-24T04:00,7.8,71,0.2,0.2,51,985.6,24.0
2023-03-24T05:00,8.2,71,0.0,0.0,2,985.5,21.0
2023-03-24T06:00,8.1,69,0.0,0.0,3,985.7,20.0
2023-03-24T07:00,8.3,69,0.0,0.0,3,986.0,19.1
2023-03-24T08:00,9.1,68,0.0,0.0,2,986.2,19.3
2023-03-24T09:00,10.4,65,0.0,0.0,1,986.1,18.0
2023-03-24T10:00,11.5,60,0.0,0.0,1,986.0,23.4
2023-03-24T11:00,12.1,57,0.0,0.0,2,985.6,26.2
2023-03-24T12:00,12.1,62,0.0,0.0,3,985.3,26.1
2023-03-24T13:00,12.5,56,0.0,0.0,2,984.5,33.4
2023-03-24T14:00,11.9,62,0.2,0.2,51,984.1,26.6
2023-03-24T15:00,10.3,70,0.0,0.0,3,984.5,30.9
2023-03-24T16:00,10.3,67,0.0,0.0,2,984.3,35.3
2023-03-24T17:00,9.5,72,0.0,0.0,3,984.2,39.3
2023-03-24T18:00,9.0,73,0.0,0.0,3,984.8,45.1
2023-03-24T19:00,8.6,74,0.0,0.0,2,985.7,43.6
2023-03-24T20:00,8.2,76,0.0,0.0,3,986.9,41.6
2023-03-24T21:00,8.3,76,0.0,0.0,3,987.9,39.8
2023-03-24T22:00,8.1,79,0.0,0.0,2,988.9,39.4
2023-03-24T23:00,7.7,82,0.0,0.0,3,989.9,37.8
2023-03-25T00:00,8.0,81,0.0,0.0,2,991.4,31.4
2023-03-25T01:00,7.5,83,0.0,0.0,1,992.5,30.7
2023-03-25T02:00,7.6,85,0.0,0.0,1,993.3,30.6
2023-03-25T03:00,7.5,85,0.0,0.0,1,994.2,29.9
2023-03-25T04:00,7.0,87,0.0,0.0,0,995.3,28.9
2023-03-25T05:00,7.0,87,0.0,0.0,1,996.2,28.1
2023-03-25T06:00,6.9,87,0.0,0.0,0,997.1,26.7
2023-03-25T07:00,7.1,87,0.0,0.0,0,998.3,27.1
2023-03-25T08:00,8.1,81,0.0,0.0,1,999.1,28.4
2023-03-25T09:00,9.3,75,0.0,0.0,2,999.9,31.0
2023-03-25T10:00,10.3,69,0.0,0.0,3,1000.7,27.7
2023-03-25T11:00,11.0,63,0.0,0.0,1,1001.4,24.2
2023-03-25T12:00,11.5,62,0.1,0.1,51,1001.3,23.1
2023-03-25T13:00,11.9,64,0.3,0.3,51,1001.2,20.9
2023-03-25T14:00,12.5,59,0.0,0.0,1,1001.2,19.2
2023-03-25T15:00,12.9,61,0.0,0.0,3,1000.8,14.5
2023-03-25T16:00,12.8,60,0.0,0.0,3,1000.3,10.5
2023-03-25T17:00,12.1,61,0.1,0.1,51,999.8,6.7
2023-03-25T18:00,11.1,75,0.0,0.0,3,999.6,2.3
2023-03-25T19:00,9.1,84,0.0,0.0,3,999.5,9.5
2023-03-25T20:00,8.4,85,0.1,0.1,51,999.5,12.4
2023-03-25T21:00,8.1,86,0.0,0.0,3,998.9,9.1
2023-03-25T22:00,7.4,92,0.0,0.0,3,999.0,11.6
2023-03-25T23:00,7.1,94,0.0,0.0,3,998.8,7.9
2023-03-26T00:00,7.4,95,0.0,0.0,3,999.0,11.0
2023-03-26T01:00,7.2,96,0.0,0.0,3,999.1,5.8
2023-03-26T02:00,6.9,96,0.0,0.0,3,999.4,6.5
2023-03-26T03:00,6.9,89,0.0,0.0,3,999.8,7.1
2023-03-26T04:00,7.3,92,0.0,0.0,3,1000.5,13.1
2023-03-26T05:00,7.4,92,0.0,0.0,3,1001.4,16.7
2023-03-26T06:00,7.4,90,0.0,0.0,2,1002.4,13.1
2023-03-26T07:00,7.4,90,0.0,0.0,1,1003.7,14.5
2023-03-26T08:00,7.9,87,0.0,0.0,3,1005.3,21.6
2023-03-26T09:00,8.2,86,0.0,0.0,3,1006.9,20.2
2023-03-26T10:00,7.9,85,0.2,0.2,51,1008.7,19.1
2023-03-26T11:00,7.7,83,0.1,0.1,51,1010.5,17.7
2023-03-26T12:00,8.0,82,0.0,0.0,3,1011.6,17.0
2023-03-26T13:00,7.9,80,0.1,0.1,51,1013.0,18.6
2023-03-26T14:00,7.8,78,0.1,0.1,51,1014.0,18.7
2023-03-26T15:00,8.5,74,0.1,0.1,51,1014.7,19.8
2023-03-26T16:00,8.1,74,0.0,0.0,2,1015.7,17.9
2023-03-26T17:00,7.9,71,0.0,0.0,1,1016.7,13.4
2023-03-26T18:00,7.5,75,0.0,0.0,0,1017.4,9.2
2023-03-26T19:00,6.2,81,0.0,0.0,0,1018.3,5.4
2023-03-26T20:00,4.9,85,0.0,0.0,0,1018.9,8.3
2023-03-26T21:00,4.4,86,0.0,0.0,1,1019.6,8.4
2023-03-26T22:00,4.2,86,0.0,0.0,3,1020.5,5.9
2023-03-26T23:00,4.7,85,0.1,0.1,51,1021.4,8.4
2023-03-27T00:00,3.8,88,0.0,0.0,2,1022.0,8.0
2023-03-27T01:00,3.7,87,0.0,0.0,3,1022.5,8.0
2023-03-27T02:00,3.9,82,0.0,0.0,3,1022.7,6.4
2023-03-27T03:00,3.8,82,0.0,0.0,3,1022.9,5.5
2023-03-27T04:00,3.7,83,0.0,0.0,3,1023.0,3.3
2023-03-27T05:00,3.8,84,0.0,0.0,3,1023.1,3.0
2023-03-27T06:00,3.8,87,0.0,0.0,3,1023.3,3.9
2023-03-27T07:00,3.9,84,0.0,0.0,3,1023.4,5.9
2023-03-27T08:00,4.7,82,0.0,0.0,3,1023.7,6.1
2023-03-27T09:00,5.9,77,0.0,0.0,3,1023.9,5.4
2023-03-27T10:00,7.0,72,0.0,0.0,3,1023.9,7.2
2023-03-27T11:00,7.8,69,0.0,0.0,3,1023.9,8.4
2023-03-27T12:00,8.2,71,0.0,0.0,3,1023.5,13.3
2023-03-27T13:00,8.7,71,0.0,0.0,3,1023.3,17.6
2023-03-27T14:00,8.9,68,0.0,0.0,3,1022.6,18.7
2023-03-27T15:00,9.1,65,0.0,0.0,3,1021.9,20.5
2023-03-27T16:00,8.8,64,0.0,0.0,3,1021.4,23.3
2023-03-27T17:00,8.2,65,0.0,0.0,3,1020.8,21.3
2023-03-27T18:00,7.8,65,0.0,0.0,3,1020.1,20.5
2023-03-27T19:00,7.4,69,0.0,0.0,3,1019.7,20.1
2023-03-27T20:00,7.3,79,0.0,0.0,3,1019.2,19.8
2023-03-27T21:00,7.5,80,0.0,0.0,3,1018.5,19.2
2023-03-27T22:00,7.5,79,0.0,0.0,3,1017.7,19.2
2023-03-27T23:00,7.8,77,0.0,0.0,3,1016.8,18.5
2023-03-28T00:00,8.1,83,0.2,0.2,51,1015.5,19.0
2023-03-28T01:00,8.2,87,0.3,0.3,51,1015.0,19.4
2023-03-28T02:00,8.3,88,0.3,0.3,51,1013.7,17.1
2023-03-28T03:00,8.5,84,0.2,0.2,51,1012.6,17.5
2023-03-28T04:00,8.4,83,0.4,0.4,51,1011.4,19.5
2023-03-28T05:00,8.4,89,1.1,1.1,55,1010.4,20.9
2023-03-28T06:00,8.4,90,1.0,1.0,55,1009.3,20.8
2023-03-28T07:00,8.5,88,0.9,0.9,53,1008.5,22.5
2023-03-28T08:00,9.0,88,0.1,0.1,51,1007.8,21.6
2023-03-28T09:00,9.4,87,0.5,0.5,53,1007.1,22.6
2023-03-28T10:00,9.9,87,0.1,0.1,51,1006.5,25.6
2023-03-28T11:00,10.8,83,0.0,0.0,3,1005.8,19.8
2023-03-28T12:00,12.7,78,0.0,0.0,3,1005.2,21.3
2023-03-28T13:00,13.1,77,0.0,0.0,3,1005.0,16.1
2023-03-28T14:00,14.2,71,0.2,0.2,51,1004.7,14.3
2023-03-28T15:00,14.8,65,0.0,0.0,2,1004.4,12.7
2023-03-28T16:00,14.7,67,0.1,0.1,51,1004.0,13.3
2023-03-28T17:00,13.8,77,0.3,0.3,51,1004.4,9.4
2023-03-28T18:00,13.5,79,0.0,0.0,3,1004.6,9.8
2023-03-28T19:00,11.7,83,0.0,0.0,2,1005.1,9.2
2023-03-28T20:00,10.8,86,0.0,0.0,3,1005.2,9.6
2023-03-28T21:00,11.0,87,0.0,0.0,3,1005.5,12.0
2023-03-28T22:00,10.5,88,0.0,0.0,3,1005.4,15.6
2023-03-28T23:00,10.6,87,0.0,0.0,3,1005.0,16.5
2023-03-29T00:00,11.4,90,0.0,0.0,3,1004.8,16.3
2023-03-29T01:00,11.3,91,0.8,0.8,53,1004.4,16.0
2023-03-29T02:00,11.1,93,0.0,0.0,3,1003.8,19.3
2023-03-29T03:00,10.8,93,0.1,0.1,51,1002.9,19.1
2023-03-29T04:00,10.7,94,0.2,0.2,51,1002.5,17.9
2023-03-29T05:00,10.7,93,0.0,0.0,3,1001.8,20.5
2023-03-29T06:00,10.3,95,0.0,0.0,3,1001.0,22.5
2023-03-29T07:00,10.2,95,0.0,0.0,3,1000.0,26.1
2023-03-29T08:00,10.7,92,0.0,0.0,3,999.4,28.6
2023-03-29T09:00,10.6,94,0.0,0.0,3,998.1,25.6
2023-03-29T10:00,10.6,93,0.3,0.3,51,996.9,26.9
2023-03-29T11:00,12.2,88,0.1,0.1,51,996.2,24.5
2023-03-29T12:00,13.1,89,0.0,0.0,3,995.5,19.8
2023-03-29T13:00,14.5,80,0.7,0.7,53,994.7,23.5
2023-03-29T14:00,15.4,65,0.2,0.2,51,994.2,21.7
2023-03-29T15:00,16.0,59,0.0,0.0,3,993.7,21.8
2023-03-29T16:00,15.7,61,0.0,0.0,3,993.3,19.1
2023-03-29T17:00,14.6,68,0.3,0.3,51,993.2,16.6
2023-03-29T18:00,13.4,73,0.0,0.0,3,993.3,12.4
2023-03-29T19:00,11.7,79,0.0,0.0,3,993.4,10.8
2023-03-29T20:00,11.0,83,0.0,0.0,3,993.4,10.7
2023-03-29T21:00,10.9,85,0.0,0.0,3,993.3,8.9
2023-03-29T22:00,10.7,86,0.0,0.0,3,993.6,7.7
2023-03-29T23:00,10.7,85,0.0,0.0,3,993.7,9.1
2023-03-30T00:00,10.1,93,0.0,0.0,3,993.7,11.7
2023-03-30T01:00,10.3,88,1.0,1.0,55,993.9,11.6
2023-03-30T02:00,10.1,88,0.1,0.1,51,994.1,12.2
2023-03-30T03:00,9.6,89,0.0,0.0,1,994.0,10.6
2023-03-30T04:00,8.5,89,0.0,0.0,3,994.0,8.9
2023-03-30T05:00,7.8,91,0.0,0.0,2,993.9,7.5
2023-03-30T06:00,7.7,91,0.0,0.0,2,994.1,7.7
2023-03-30T07:00,9.4,87,0.0,0.0,2,994.6,12.0
2023-03-30T08:00,10.8,84,0.0,0.0,2,995.0,15.0
2023-03-30T09:00,12.0,78,0.0,0.0,3,995.1,19.9
2023-03-30T10:00,13.2,70,0.0,0.0,1,995.7,23.6
2023-03-30T11:00,13.9,71,0.0,0.0,1,995.5,18.4
2023-03-30T12:00,14.3,66,0.1,0.1,51,995.8,17.3
2023-03-30T13:00,15.0,61,0.1,0.1,51,995.2,17.2
2023-03-30T14:00,15.4,59,0.0,0.0,1,994.5,17.4
2023-03-30T15:00,14.6,66,0.1,0.1,51,993.9,18.4
2023-03-30T16:00,14.5,65,0.0,0.0,3,993.1,18.7
2023-03-30T17:00,13.5,72,0.0,0.0,3,992.0,18.8
2023-03-30T18:00,12.0,79,0.0,0.0,3,991.2,20.2
2023-03-30T19:00,10.6,87,0.0,0.0,3,990.4,20.8
2023-03-30T20:00,9.7,91,0.1,0.1,51,989.1,21.2
2023-03-30T21:00,9.6,91,0.2,0.2,51,988.0,25.6
2023-03-30T22:00,9.5,92,0.5,0.5,53,986.7,25.8
2023-03-30T23:00,9.3,92,0.4,0.4,51,985.3,24.0
2023-03-31T00:00,9.2,90,0.6,0.6,53,984.2,23.7
2023-03-31T01:00,9.2,91,0.5,0.5,53,983.5,25.6
2023-03-31T02:00,9.2,92,1.1,1.1,55,983.0,24.0
2023-03-31T03:00,9.2,93,0.9,0.9,53,982.6,19.5
2023-03-31T04:00,9.1,93,0.3,0.3,51,982.7,12.5
2023-03-31T05:00,8.9,94,0.1,0.1,51,983.1,9.2
2023-03-31T06:00,8.7,96,0.1,0.1,51,984.0,9.4
2023-03-31T07:00,8.8,96,0.3,0.3,51,985.2,10.5
2023-03-31T08:00,9.3,92,0.1,0.1,51,986.3,11.1
2023-03-31T09:00,9.6,91,0.1,0.1,51,987.2,10.9
2023-03-31T10:00,10.2,89,0.4,0.4,51,988.3,12.3
2023-03-31T11:00,10.3,88,0.3,0.3,51,989.2,12.3
2023-03-31T12:00,10.9,86,0.2,0.2,51,990.0,10.5
2023-03-31T13:00,11.2,87,0.1,0.1,51,990.7,10.5
2023-03-31T14:00,11.5,85,0.3,0.3,51,991.5,10.8
2023-03-31T15:00,11.4,84,0.3,0.3,51,992.4,10.2
2023-03-31T16:00,11.2,84,0.3,0.3,51,993.2,5.2
2023-03-31T17:00,11.3,86,0.6,0.6,53,993.9,7.8
2023-03-31T18:00,10.7,89,1.6,1.6,61,995.0,14.5
2023-03-31T19:00,10.1,91,2.2,2.2,61,996.1,16.7
2023-03-31T20:00,9.9,91,1.5,1.5,61,997.3,16.9
2023-03-31T21:00,9.7,92,1.1,1.1,55,998.0,16.7
2023-03-31T22:00,9.6,93,1.4,1.4,61,998.8,16.5
2023-03-31T23:00,9.4,94,1.1,1.1,55,999.4,16.1
